,user,predicted_gender
0,00122071-ddb4-4411-8c23-c7fee8072d0f,f
1,0013cfdf-b3fa-4c75-800a-b08f548ae9f1,f
2,00358796-31c0-4c4f-ab11-8a989a526ba8,m
3,008d7ff3-4fd2-4185-80e8-4cea9a97d497,m
4,00a0533c-02dd-4b46-8f46-0608aa34e2e8,m
5,00aff390-230b-4679-b4e6-55856577ea24,m
6,01a9c993-94cb-4202-9ead-75de9db6278e,m
7,01d9bc22-a122-4378-a20c-ea564f1a10a2,m
8,02dcab97-f264-46f3-9c24-65b8e0aea80c,f
9,0325e8d7-5a04-4ae4-ac4c-07d10ddfb1cd,m
10,032e5822-0866-46ee-b0fa-0e410e648d6f,f
11,03497a09-6693-48dd-817e-4180c998b3fc,f
12,039df2f5-68ab-498b-8121-4278a47229a5,f
13,03acc356-12e0-4d07-b808-d2742087f0ba,m
14,03c07f15-f37f-45b6-a860-83b76b8265db,f
15,03d2a4d9-0f0f-43cc-b016-63876c1127e2,f
16,03ef909f-996b-4f30-9c55-db4e0faa3b35,f
17,04bec923-b63e-47e1-9eeb-f2684114f8d9,m
18,05015c07-6fb9-438a-9686-5bf1097660fb,f
19,050e3d22-42fd-46b1-b47b-65ffb3e9fcf3,m
20,054dc16d-7731-4691-85e7-4531eaa966ee,f
21,057827d3-fc94-4e92-ae35-23cf29ef37d1,f
22,05bf7980-d9c1-4058-a41c-c75ebf891800,f
23,05d07b25-2cc5-4134-b041-2c39328398a6,f
24,060ac0de-2514-49b7-863d-825c60ace268,f
25,0660f1a7-8d09-48be-b160-0fe4b88bea8e,m
26,06719609-5602-4a27-b6ff-d4cc7b2db255,f
27,0689e253-49be-4414-8e95-496ea235fac5,f
28,06a8d389-bdc5-4961-932d-a9b06bd7ddbb,m
29,06e0b77a-c100-4e7f-abf3-eac045e186a3,f
30,07098e4c-4ad2-4e49-a273-de5141a852ee,m
31,070c4773-0304-4038-9784-1de486d9e1bd,f
32,072a611f-4aeb-4d92-a44e-6e3b149a00d9,f
33,07525ed6-8f4e-4589-a3f3-9d50bd56e63a,f
34,07547217-0398-4299-b3a1-ab5231439fbb,m
35,075a2895-d76f-441b-b347-be856370ab05,m
36,075b5112-3753-4617-869d-89414aa62ea3,f
37,0790d32d-d555-427b-a928-0e2c5d3e1434,f
38,07aaeb15-dc29-4cb4-a22a-e61d32ca2fa9,m
39,07de13ce-fae6-4122-a630-7d7cfba780f2,m
40,07e19e99-5c27-4249-b816-0c5a5501687e,f
41,080ba9bb-d5db-4af7-94dc-d05a114253c5,f
42,084c0e55-f120-41c0-a2df-98724c7b5ad7,f
43,088a097d-fbad-42e1-ab66-ac937c67f53f,f
44,08a0792c-197b-4e3c-aa36-06373e51c192,f
45,0905d508-c75f-4fd0-8e11-ef3df0fe0282,f
46,091728a2-7bda-4ad2-a542-efaf637a10d6,f
47,09544e86-bfe9-4ca2-9867-3ce4d3598950,f
48,096c98ac-31eb-46ec-a5f4-74062cdc6673,m
49,09726c67-f591-4926-b453-4116545ff320,m
50,0999f93d-0c98-4803-968e-7e73b6ec008c,f
51,09a5f4fb-a6ce-4567-bfc6-cab6c864172f,f
52,09b72a55-2af7-4486-b47b-e1491552ce00,f
53,09efc4c2-b76d-44e1-8338-e5155b55f971,m
54,09f6dbbf-917d-40b2-a58e-e2a3cc3944fe,f
55,0a013f34-4aaf-4e13-9e03-07364ff2950d,m
56,0a28a505-3efa-4bda-9094-b229544515df,f
57,0a52aef1-ac6a-475f-bea4-75514b5bac42,f
58,0a6d8839-0208-40f2-970f-92e55650594e,f
59,0adc2f5c-3b59-4428-ae37-43abbe346103,m
60,0b5d27d9-e95c-4674-b308-8f773b65c590,m
61,0b9b4504-cdfd-4529-b202-345bdfe9af28,f
62,0bb7c181-4927-4f6c-91ba-0499896f151d,f
63,0bdeb532-f19e-496b-95cf-e86d75a3fa63,f
64,0c068a40-dbc0-4717-a116-81bd11f61e61,m
65,0c0e8c7c-6fc8-4e48-9af8-25b02e785c77,f
66,0c1c325d-78f0-4cf9-aa8a-15840b492143,m
67,0c2d5048-9732-4fa7-b307-afda772ea093,m
68,0cebb135-e150-48fd-bdd5-716b993cd89f,m
69,0d264f41-00a5-41e4-9ead-639b9875ca7e,f
70,0d373bc2-52d2-4a41-89e1-7e6d5f6b938a,m
71,0d5fa3bd-543c-40e9-86a3-1021524b0024,m
72,0ddad4a4-b86f-4adb-9dd4-54c5e97b11a2,f
73,0df88b5f-562a-458a-bc62-249407bebdf9,f
74,0dfea752-a74f-448f-9233-1a6f2030f934,m
75,0e40bb4d-1cea-4188-acff-90d6961e0af7,f
76,0e4b99ce-e9e8-4542-9c04-bbe05fe33a38,m
77,0e57d22c-e318-46ac-8753-4c409dc37107,f
78,0e6f4e6a-c10a-434a-86be-380973b80949,m
79,0e781cf9-d20b-493d-8122-a42645480ba4,f
80,0e83d412-0b9a-4cfb-bd1f-8a472e3b37b9,f
81,0e8a0565-7d0a-4736-a0ec-fdcb12b28290,m
82,0e8c3621-f91b-4221-8309-ed64d2abf31c,m
83,0e9d438a-c497-412f-abfa-6a82bfc5b44d,f
84,0ed3e631-4edc-4792-9d4d-6dba140576ec,f
85,0ee0f2f1-36db-4378-b4b7-39078a47565e,m
86,0f0567ba-ccb5-4a90-828a-f4f41a18fbf6,f
87,0f0a17e9-fab5-4734-ac22-39efdab57b7c,f
88,0f4f49a6-b9b8-4f5a-88a4-c6fe49567efd,f
89,0f66705c-71cd-4e70-b1e2-d15ba32d3296,m
90,0fdf4801-2c30-4145-ad52-70a75ba9fb71,f
91,0fe6c183-d4fb-4fd4-865a-54397293f9d4,f
92,10882c4d-ff71-4939-a925-2661a086045f,f
93,10b2df8a-04d1-41aa-98b1-30d0a44b3904,f
94,110c420b-01f8-47c1-b964-c151dec4e964,m
95,1119142e-a4c7-4e4c-9d0e-aa10b8cbd16a,m
96,113791e6-c604-4208-98d7-18930b4d685f,m
97,11494735-8001-453d-b21f-eba591a471a3,f
98,1162d04c-bcf2-4cb8-b83a-76156a8282c9,f
99,116bb36b-8c1d-4db2-8b51-7bff6c6d149c,f
100,11869b9e-da3b-4e8f-bfdd-e17679887e83,m
101,11d9b3e1-336e-4f18-b765-0145c214b7b3,m
102,12432e7d-448d-4023-b9a3-c18e8fc8866a,f
103,12f5c53b-535b-4ac4-a0d8-2afa5694d331,m
104,135bc4cd-b43e-4358-bfe6-6daed5e163f4,f
105,1381bf00-3f19-4024-92b8-0c9607713a0d,f
106,13b254f5-176e-4337-8eb3-90dc9326027e,f
107,13e76307-7f1a-4531-a356-fe698d74074d,f
108,13ee6141-20e8-4f8a-8c6f-b861bb396ebd,f
109,13f133cc-538f-434b-874c-0fbcb0bb59a8,f
110,141e3ed7-6bb5-4b5e-9067-ff8f9de77781,m
111,1441b423-6e9f-498c-b059-eced86c4c36d,f
112,144221c3-2ec4-4157-aa12-27c85d8e79f7,f
113,1475d088-dd43-492d-9367-037d8f4563ff,m
114,14918b10-eb7c-4e96-b6be-93214dddc172,f
115,14946cef-e4e7-43a9-b305-32a10d726201,f
116,1496e2ef-9285-4299-9a2d-8bb6d1faee05,f
117,1584bb96-0c1e-4c89-b229-9841e5f13a74,f
118,15b40b1a-4073-4464-ab22-47c0b2793d23,f
119,15c77ee8-d5bb-4081-9dae-e08094426b8b,f
120,15d2c28a-ca2b-4ea1-b020-084788321172,m
121,1660e897-74ae-48b8-adfc-e64a0ec5a0d3,f
122,169a2316-54bc-4c69-bf62-7e8753b5f528,m
123,16cc4f9d-6702-49b6-bb69-cf990ade76c2,f
124,16f05dd7-223b-4d03-9144-af800efb94f1,m
125,17321dcf-bc5f-416f-a327-582cb00c57aa,f
126,1761bf6e-4f68-454c-ab22-fb3de47bcfad,f
127,17898e0c-8ee9-46cb-8b62-198e8e818af2,f
128,1795a3f4-9a2e-401a-a82f-0d80a3ad63fb,f
129,1795e226-e944-4acf-8cde-41cae8dd3f02,f
130,17ae4efb-1b18-4f12-9e3f-e3bc8b817959,f
131,17eace46-9970-4e09-97e5-ee300f072d95,f
132,184625d1-4a06-4bd5-81d7-c02ca2ace0a4,f
133,18da7ff1-d186-48a7-ad47-4c32b9defe66,m
134,18ea916b-65e2-40bd-a8ed-8e139f0c53fe,f
135,192aa27a-6053-42c4-8309-6e6cad2fb7eb,f
136,193c6ecd-b49b-4005-9429-4cf568e778f3,m
137,19694518-9524-4d4d-b902-acaa3963811a,f
138,198168a8-7414-48a4-a7e1-3376efa43165,m
139,199b0f7e-6370-4508-9bb7-7b9bb7685c89,m
140,19b17d9d-e3b7-457c-bcb3-08ea46b0b814,f
141,19b5a9e2-6755-4bd3-b904-20c5ef3e9824,m
142,19ce9839-0d87-46a1-87e5-0cc105f328bc,f
143,19df3441-4239-4bb8-8145-d705af0e6090,m
144,19f96afb-5b07-44a4-a066-8c2f8c0c896e,f
145,1a46547d-ebd1-42cc-85e1-3662954bc497,f
146,1abeae1d-bf25-44ce-a9a1-8f24d0bdbc32,f
147,1ac053cc-046d-45cc-ba9d-915f452c16a9,f
148,1ac40408-bdd0-4fe2-ad18-88d5473964fe,f
149,1afa67d8-4f15-4551-9d70-384880d671bc,f
150,1b175f9d-f5cf-46d8-94ae-d9078d53af47,m
151,1b3eb15a-85e5-425f-9047-daba00fbf3b8,m
152,1b6ddbc8-aead-48f8-8138-d81e6c2b1333,m
153,1b9dea1b-f0cd-42ea-9993-6819ba6658f0,f
154,1bc878fe-5413-46a9-9816-6029eca3b524,f
155,1c219b2a-dca1-44a9-a0be-1c770996a4ec,m
156,1c97294e-7bd9-4bf9-a2b1-1dfa0f9deb91,f
157,1d1e5226-cf4e-4aaa-9d23-073b8bd0fa44,m
158,1d297427-5aab-4981-a1e0-d479a20c339a,f
159,1d3fbc06-1644-4a02-b1a2-2797aa5e5fae,f
160,1d9403cd-2528-458a-a162-190a9d3f93c7,m
161,1d9f3941-4f82-4655-9fdd-8fc7c4b9c313,f
162,1e0cacbd-fd9e-48a9-b246-eced0cceeee2,f
163,1e319b89-26b3-44b1-bfbb-8685f4a28ff7,f
164,1e5a2d79-c835-47dd-a4ef-14919ab4cd9b,m
165,1e6b41b1-569f-401d-9e61-d507b2708e25,f
166,1e7288ad-71b7-48f5-b109-24d244b0d2ed,f
167,1e7c2a8f-5730-47c2-be77-a7648abd6188,f
168,1e9474b9-f1a3-4877-bfbc-332c07a5aca4,f
169,1ec8a8f6-6c0a-4013-ae94-9a70f60a29cd,m
170,1f0330a9-0e60-4471-953e-445d3dccb123,m
171,1f1d554c-7723-4221-83cd-1b10b0de6c4d,f
172,1f64ddd8-0bd1-453c-93b9-8a3130bbad39,m
173,1f8b09f9-ae3f-4b5a-b394-f46fa6118337,m
174,1f8c4548-12f4-4c09-86b3-eaf4bbbd7d89,m
175,1fcaccaa-c6fb-4db0-98a9-90b8b2653fc6,f
176,1fcb86ce-95c7-4124-ada0-ae1808212dcb,f
177,1fce0d82-2d44-46c9-a332-f6f9e2edc85b,f
178,1fd316a9-1993-403a-bc1d-0a16d462575f,f
179,1ff93c75-72b3-4d9f-9313-724d4fe0775f,m
180,20046fd3-4b4c-42c0-9aa8-2fff88949a2e,f
181,202725c0-92e4-41af-ae19-321b2aa0c8ea,f
182,20809e6c-eef3-4f52-a918-7bb7a9b501d5,f
183,2182830b-43cd-4ba3-9a81-fe3446d397ad,f
184,2192c1c9-f546-4e0f-971a-d443836cf8e7,m
185,21bfd1b0-9b89-4f3d-8040-274503664fc6,f
186,21c4f565-0b3c-49a7-b244-07e079448b26,m
187,21cbea4a-99c9-44f5-96cb-4e722145d430,f
188,21e6af94-d521-4fd4-949f-698a265e8378,f
189,21fef683-8487-4f42-9ff3-1bf5639faa9f,f
190,221e7d72-0532-4f13-a458-0249895d5ff3,m
191,22308294-a54a-4294-9640-affffe4d5450,f
192,2234d72d-6e32-45c2-a3c6-672679bb6199,f
193,228ca1a8-2b65-412b-a6dd-fef32fc1e5a7,f
194,229e4658-0579-4449-a650-f2a5bba57e9d,f
195,22d60750-1c09-4570-823f-cee1d72bcf9a,m
196,2330f176-8e15-4e8d-a1d9-174d3a398223,m
197,233d2982-5504-41b6-84ad-beac89faede9,m
198,237041af-decf-4682-a23d-e9de675f1644,m
199,2380156f-2a43-493c-b1b0-cb131feb6f87,f
200,23cbf034-5e81-415b-aa85-66eed32b8712,f
201,23d43426-fc06-4663-804b-caa544b2ddf7,f
202,23eb7043-0107-45c7-adcd-833ab32ac14f,f
203,24134618-9f55-4e4d-a6cf-7afe9b5436d7,f
204,242f4b65-180f-4582-b4c8-8a0522a7419a,f
205,24302192-47be-428c-8e3c-f01679968546,f
206,247b7310-84c5-4b8a-af6c-a11f335aa49f,f
207,249ff1bc-8cb3-4946-bbf2-ac65d54a6b32,f
208,24bc396b-b0ea-46a7-8f28-ed16187ca2d7,f
209,24c192f6-8617-4492-a656-957341d86934,f
210,24f7cc68-9ca8-4921-aa5c-318bc80e8dfb,m
211,252d3bbc-e8ff-46f9-af0c-eb66e10bdcbd,f
212,254cf915-8751-4333-973d-a6afbde6d47e,f
213,256563cc-2c1b-4e51-805d-3f230c2a27ac,f
214,258f5868-724e-424b-b6e9-7f610c149e27,m
215,263e494e-d36d-426e-9608-5f56b89c372c,m
216,268d9527-6bfb-43b6-8578-0f4ca215f45c,f
217,26c6c9d4-37ac-4fcb-8cfe-34dab09d7cab,f
218,26c917c4-1eb3-40cb-ac02-530ba10fe735,f
219,26e90188-6c52-44d0-a8b1-61a8b7739222,f
220,26ef073e-9fa6-4295-b1bc-b7a26b33ce57,f
221,26f0ee97-87a2-4237-8584-21dd0d76d78a,m
222,2702351e-b90f-4645-a164-39a6e117e6c1,f
223,27260d78-59bf-455a-b96f-814649ea367e,f
224,2732c44e-1742-4582-b916-2b5e6068dedf,f
225,274be220-b186-4e02-8d5f-72218ce74d49,f
226,27cb589b-b5f7-497c-af37-05d7803d5341,f
227,27d52095-3635-4655-8fe7-639290d8d776,f
228,281b4b0f-a8bc-4f08-b19f-4b90378ad9d7,m
229,28c4d4eb-701d-4d9a-935a-f7b11b392c4d,f
230,293c851b-4adf-451e-aea9-79679399aed9,f
231,2946b49d-1917-47ea-a993-9ef474a138f2,f
232,295426bc-6131-4bd8-9123-21eb1a6b468d,m
233,29833b68-d881-44df-95b7-85ebd6a1fd2e,f
234,29b47abb-9b6e-4f0c-b2cb-1b73ad9be788,m
235,29e8ecd7-7550-45ac-b225-9b62990e03bf,f
236,2a4a2d07-48aa-4a7c-82aa-dc6347d82935,m
237,2a6ba2fd-7c05-4adb-9a03-9b69b4871c4f,m
238,2a968fb3-2a71-4376-95fb-89d906a0812f,f
239,2aa1f83a-736e-4d6b-b223-09d0d1afa4e2,f
240,2aa8b0d0-ae0c-40bc-87af-1b05bbbe85c3,f
241,2ac5325d-ae73-4c82-9974-da7a0b480926,f
242,2ad2c63b-dbb5-4163-a3c8-c23ae2576038,f
243,2ae9632c-8aef-4840-8f8e-345b2ef7db9e,m
244,2b09d5a2-6dc3-4dc7-ab59-631e70916c0c,f
245,2b7a0d84-bc16-4047-bb0d-ded4cb7cc3bb,f
246,2bb1f018-7229-4c27-a331-4b6a1592c706,f
247,2bd192d5-c82d-405c-82cd-2fa5f25edef9,f
248,2c670462-47ee-459f-81e6-780a76691d3c,f
249,2c8ca652-7084-4b23-8d54-bb04860e6b6f,m
250,2cc5b00b-cf3b-4463-a43f-1d331483fee0,f
251,2cda0529-6a18-4769-8b3c-ea0df6514c55,m
252,2d4116f1-e0b4-4e7a-a7cc-c83edc0d3337,f
253,2d66db1f-7b1d-4241-988f-872890da4dde,f
254,2d7f9650-c44a-4432-9f23-a557e55d5005,f
255,2d88e774-5fb1-4f52-a20a-a388a516909c,f
256,2dcac4a4-2b31-4818-ab0a-c2e9766fdf29,f
257,2ddc1b72-4781-4a50-817b-e707e01f0ae7,f
258,2df1488e-ce1a-4e1c-8c59-aec5b7388ed2,f
259,2df2ada8-d9e3-446c-a730-28dd66e2caf7,f
260,2e16bd8a-4ca9-43d1-9d66-8fea7424d640,f
261,2e6b0fb0-3bba-42c1-92d1-2e9337675147,f
262,2e80f1d3-4423-4714-9652-f7deb390ca46,f
263,2eb005f0-b7b1-4222-97dd-74c01479edea,f
264,2ecfaa59-dc77-4b4b-bb11-f617314c9742,f
265,2ef1cd63-1f0c-456f-be4c-491dee03164e,f
266,2f07548e-83f2-498e-b87e-e4530d8190d3,f
267,2f0d3bad-e30e-4a40-9714-c529fff6430e,m
268,2f134bd9-b4ec-454a-a4c5-716e151058e9,f
269,2f3ee1a6-69b7-4f75-827c-15a0db5dae98,f
270,2f50e8d2-deba-475a-9338-ba149b556710,m
271,2fd17186-b997-46b6-b540-dc76358c275c,m
272,3001925e-f000-40eb-841c-5d33e120e143,m
273,30200a5a-f09e-4f2b-8b1e-13f29833226b,m
274,30315e90-f0fd-4a59-96ae-1c934a023dfe,m
275,305bc4c8-89a8-4a75-8fa3-049f979aa04f,m
276,3065bfc3-503a-4ea0-990a-28ffad53e27a,f
277,308fa01d-669a-4071-9630-0b1723e68265,m
278,30a97998-28d4-41e1-9aa6-a6464f1ce20e,f
279,30affeb3-3896-4f6c-b892-bf1a243db964,f
280,30e0ef26-5903-42f4-9788-9fa3a28dba4f,m
281,30edc5a5-e1be-4beb-b630-4887d2098d72,m
282,30f8ef10-95d1-422b-a3b7-fe3f75c864e4,f
283,318cc7e2-64da-4361-9db5-25b369e87f5f,m
284,31a10335-f152-4c27-9362-3641e0703e07,f
285,31b5060d-dc6c-4333-b33f-be3ef8177e42,m
286,31d5d24c-9198-4bd1-a3e0-137e1d718b7c,f
287,323ad31a-2348-4237-b651-f9b842e1395b,f
288,325b1598-90a1-4eab-8852-deb0091e0a72,m
289,325fc173-a181-4cd1-b063-aac2fccb8186,f
290,328dba42-4038-4050-b334-a8a1132f8239,f
291,32fa8797-cf66-4d95-91ef-2246bdf2f39c,f
292,330329fd-9d6d-489a-8582-370c074ab421,m
293,33734b76-cbca-4490-b394-e146e1d14b69,f
294,3390afb1-4c4b-4ec6-9ec7-b888ee97bf31,m
295,340a3073-c7d1-4740-b5fc-580d3ee8b771,f
296,3428b72d-d54d-42c9-9e97-34a872236e73,m
297,34efe6f9-d378-40be-b6d3-61048d85c8ee,f
298,34f57880-8da3-4c04-9fff-5316db49bc9a,m
299,350d0dd1-3791-4ad2-b550-36adea70df3f,f
300,35145c09-5975-4727-8d24-17401b2d1bee,f
301,3514fd16-5689-4d53-87df-bc644a8925f2,f
302,3517240b-e599-4d26-bbf3-b51e78068221,m
303,355b6b67-9f38-4731-8c45-10ee9b46dabb,m
304,35894491-5124-4f63-ad05-5210816cd1db,m
305,359db2fb-5920-4890-bdf8-421eb9a6751c,f
306,35bc595b-f1f3-4393-b2d9-425f55cd6088,f
307,35d6bc01-d3a1-4f71-9038-6ebcc76d9792,f
308,35da7023-188a-4fcd-a04e-f6a24ce30190,f
309,360262cf-7dd2-418f-a9e2-d79c9c49e4a7,f
310,361160eb-b559-4ad3-8149-2609f0a42df3,f
311,3685a8e1-a4b3-4abf-a631-c06405c311a0,m
312,36af2cb0-3e4c-4dfa-906b-d124bdad8c4a,m
313,36e355ad-2d82-4d62-892c-29a548679acd,m
314,3703319d-222a-4925-ab85-80de6ec8790b,f
315,371e2f94-7869-41f2-9a3a-a84ad6e96eed,f
316,3738c114-2452-442f-8a23-42f7552734f0,f
317,374c58fe-6a79-45fc-86f0-eab4b418c117,m
318,37794284-db55-4084-a67e-732f453253ac,f
319,37a8fba2-e8ed-4c91-bba2-301c71b3197f,m
320,37b05890-1350-4ba2-97ae-28c809c873d8,f
321,37dba9b7-124f-4b3b-8643-bf947757ac70,f
322,37fd201f-40d4-4c0e-b7f7-e56fe93bb17e,f
323,383b5482-d8ec-4a90-abf3-a340a4719b69,f
324,386e8f5c-fedc-4eb6-aff3-9aa2d667acc6,f
325,38a8e086-cc09-401f-be93-8b5cf6935f00,f
326,38b8a2b5-65c8-4ca3-816a-e4c24aef7143,f
327,38fab2f0-fb17-47ca-8705-bea479321965,m
328,39099905-7b33-4e90-b03a-66aa2c6a1e04,f
329,39382e22-ac5a-40ec-8450-d76ac9c45fb9,f
330,39640e64-1e4b-4311-a286-8ff723ea79aa,f
331,3979b393-9177-4fc6-a4c2-82f0dd65b6f5,m
332,39c037f6-67be-4c7d-91cc-ddcd74df7787,f
333,39d90076-f0b4-4361-a59e-eaea63acbed8,f
334,3a36ba44-189f-4012-86d0-02a0ac62389d,f
335,3a388020-bf30-4a1e-ad8b-63eb0cb7edbd,f
336,3a4333db-e470-4edf-93ac-0ffbf0e5b785,f
337,3a48d7a2-af2f-4218-89e4-68dc9914af06,f
338,3a5f8298-2e32-4733-aa0f-14bd8ec590c7,f
339,3a762965-a2e2-4c9e-b29a-67c744639af3,f
340,3a7a6c4b-7818-484c-8e6f-f53a75b17d48,m
341,3ac61fed-8d05-4e7d-b6d4-bf92ad3ff227,f
342,3b1eea54-9a3a-4a21-8916-3ff82481afe5,f
343,3b694d55-d6df-4431-9bf2-ff6d69d17b82,m
344,3ba57814-89eb-4b48-9f3c-f288abc4ea2a,f
345,3bf9a5d2-8f59-4e32-b09f-68752726cc7f,f
346,3bff59e2-9e16-43ad-b470-bc5b38ceb99b,f
347,3c18f02d-a4ed-4afa-94e1-73449c1b6214,f
348,3c283c12-0624-4a68-91f8-63ac825dd4d2,m
349,3c53a4e4-1a05-44e0-a47e-87f339440f4c,f
350,3ca10e75-f82b-479d-8a50-91ee0bf693f2,f
351,3ce16fce-ac9d-4ecd-a31c-d59010a30fff,m
352,3da8ab2c-caf8-4e92-951b-7743aa26ce60,f
353,3daa53d3-28bc-4b87-956f-a8acf99e3c86,f
354,3dffb1b5-1c42-4c5d-9c63-6ebb3da9bea4,f
355,3e08954e-466f-48be-a1f3-30266b142316,f
356,3e369554-675e-4e24-bea0-04a581afc770,f
357,3e676302-2d6d-4275-9370-e240634db1d5,m
358,3efabfa0-6564-42ce-a34d-4994fc612178,m
359,3f05c1b0-7506-49ef-ae6f-3ad6e885a777,f
360,3f0c76f0-a4a6-47b2-8238-25ec7aa1e075,f
361,3f2d4211-35f3-46be-9249-01b28a53721e,f
362,3f6c5eb7-2a84-413a-9e51-7b668e4d1ffb,f
363,3f9eeeb4-99ce-4ffe-b3d6-60a3ef7ed659,f
364,3fd3d587-d570-4f98-9d4e-4bf2406ed6bc,m
365,403495a8-2bed-4529-b97f-695d07a666a3,f
366,40d78ba2-02bb-41db-91a6-763ea1fc6a5f,m
367,40fd8afa-841f-4ee1-981b-e02f0a2059e0,f
368,4100d132-a5a4-4351-b58f-ac66cfdad0c5,f
369,41127cdf-9717-4240-aa08-0da2c7d57b3e,f
370,4119e63d-6668-4d05-bdc6-9fc34428711e,f
371,4130791f-9548-4cb7-86f3-1aa05269a0bc,f
372,4142f95f-0f0a-4608-84e8-871d625187f3,f
373,421c77c0-1cce-43e6-91b2-cb1c43b4f627,f
374,42423e1d-95d9-48fb-9645-03a5e927b691,f
375,425d5b1d-c8c0-4594-8802-d11c87dc0f96,f
376,429861ac-1102-4f0f-aa22-9407c8a8b469,m
377,42a2d30e-8543-42b5-b130-4ca7b60f4ece,f
378,42c6e62e-8262-42ac-9d9d-b77dd3e3ffbc,f
379,42cf4537-8f0f-4f7e-a9c5-b5d667082d27,f
380,42dfa9b7-74bb-4d09-88da-813821de9e62,m
381,42fe5a3d-34f4-4400-ba92-e278f5392fde,m
382,4311d8be-0b42-44f8-a7b5-8c5e631ce379,f
383,43197b29-5654-4d40-872a-a0be46887e7d,f
384,434712fd-31a3-4119-87f2-02ee9675b781,f
385,440285f8-9f0c-424f-b1c8-5b886037444d,f
386,4445d26c-7538-4282-b90d-c115af0d403a,f
387,44bff48d-d6fc-4e29-b36e-1e730e8611b8,f
388,44d89074-3013-4c4e-bd39-3c5ba8fb261d,m
389,44dccb39-208d-47ba-afb7-5a4b2caef871,f
390,45262742-da7a-4489-91fe-425da5446a94,f
391,45299927-ce1b-4bcf-944f-5037255ddf1b,m
392,4540159c-4771-4f29-8468-0fb793a788a0,f
393,4590a409-6874-4262-b39b-2a8fdcbce151,f
394,45950754-5201-4bf6-8279-3690fb88e219,f
395,45b43d90-3308-4d37-9f47-56c7327836b6,f
396,45bed165-69c3-461c-a8af-8d5fac4bc5c4,m
397,45d2c5d2-0e42-4b02-82b6-5621459ed803,f
398,45f39b9a-f8e0-431b-b2f2-1c5440a9ed16,f
399,4601a942-5c37-435e-8d2f-01ecf3f6ff2a,f
400,4608a200-a96d-42e2-bb7d-79d25b2f36fb,f
401,4615d661-75c8-409c-a618-dfab1d8208d5,m
402,4672d050-af6b-413a-9ef4-645673021c25,f
403,469acafd-aad3-4e96-9e7b-91e553c5a286,f
404,46deb40e-3158-462c-abc2-2eb3ac346d08,f
405,46f1b1e4-e65e-4ec8-96cf-955e892e45a2,f
406,470a50a1-44d4-4e2b-8412-c5e65ba9c7b9,f
407,470d96ca-333a-44d3-8967-b4fff59b8978,f
408,472e2f46-4ed5-4c1c-98c9-bb35f70603fd,f
409,4756f876-237e-4082-9b60-69b665171ff7,m
410,477273b2-5811-4c6d-95bd-367c354c366d,m
411,47828c0d-604f-4f67-b555-28d5de97abcd,f
412,4845e62b-20c4-437c-92d4-9bed5970072e,f
413,484aba79-15b3-4353-8f1e-db24bd009f45,f
414,4866fd1d-efaf-47ab-9b62-6e59a50ccfd8,f
415,48778bed-877d-49a3-895d-5eafe264a80e,m
416,48830e3a-7d2f-4d8d-b17a-8ec658aca276,f
417,48a3f084-9a0f-4731-bffc-90c1aaf4404c,f
418,48b16683-a77e-463a-87ee-9be15e5a3b30,f
419,48e281a5-abb7-45ed-9e22-c23dadbe1864,f
420,48ed5130-a346-48a0-818a-8e044482dce7,m
421,4944aa60-704e-4c19-8610-38d6bb69ec0f,f
422,494e7200-0fc9-465d-873b-c8736f2ecf60,f
423,495dde1e-fe99-42ca-9835-a0bfe6be9bbd,f
424,49668cfd-57e1-4b40-a10c-59e72de6bd02,f
425,49b9fd9f-240a-468a-9d2a-768c40de847c,f
426,49bc05ed-9e41-47a4-9943-fce8a99d5896,f
427,49d23170-326e-4390-81f1-621004bec99c,f
428,49f2ad4b-e704-4925-a579-a65dc48f207d,f
429,4a4c0b81-ed78-46fe-a98c-a1b30c7f42e2,m
430,4aa087b3-56c8-4fa2-afd7-a25f1c762c44,m
431,4aff092a-a511-4bfa-a6f4-95d87eacf083,m
432,4b1ab556-9400-4dc6-99db-dbb50063f180,f
433,4b2b17a0-32be-4cd6-96e9-0beb46e68082,f
434,4b3bf2cf-9096-4fb2-9c9a-5c5d616eb601,m
435,4b51e25b-f1ab-404f-99d6-5afe417fd372,m
436,4b588489-9750-41f8-bf56-610a4812d704,f
437,4c4aac9b-3916-439e-87e1-31b423bf56b2,f
438,4c5158d4-9311-4fd6-b596-bd4afeac9243,f
439,4c63aa95-bdff-4986-a320-b05105e5f02f,f
440,4c91eb7d-47c6-45aa-a13c-9700a8bb5d00,f
441,4cb248db-ad99-4080-ba7c-836197127b09,f
442,4cd2c79c-18dd-455f-92ca-b65e697c6223,f
443,4cd7d5ab-5545-4df3-be05-d7c9a9fe3eb4,m
444,4d02e729-62ad-4707-a9b9-ae03b0a904ac,f
445,4d289458-7f67-4261-b752-61e3b109ef80,f
446,4dca15b2-70d2-4d04-b8b6-c48a5673ea5c,f
447,4dddebfe-b8f0-420c-8c07-c527cdd0cf96,f
448,4ddfc76e-419e-49c8-a2b1-83cdba728241,f
449,4e24f03f-823d-42a9-a6d7-a886b612f24d,f
450,4e57e21f-4689-4409-93df-b679a809e16e,f
451,4e831100-2ce9-4cf6-a1d0-aa30b6e2e35d,f
452,4f28b2a0-f274-4aa1-8b5c-3f2df9a20ee2,m
453,4f334ca3-e212-41ec-907f-fd8f2d918ea1,f
454,4f34ce08-7f82-4210-a207-fd3443a6dde8,f
455,4f452774-c664-48a9-8a46-0c41ed74c145,m
456,4f49be3a-9b15-443d-9271-46d6d328bf0b,f
457,4f556c3b-50d5-4bd9-8f65-dad89ddbbcd6,m
458,4f63e77f-d711-4a6c-8bc6-ff2d34de9828,m
459,4f6a85ca-a3fe-47c3-a8c1-6b7036a355fc,f
460,4f929114-ba32-482d-b5df-05f1434809ea,m
461,4f9d176d-2156-4e06-ac83-77393996847d,f
462,4fc45233-e9f1-4ec2-a9c3-e9e3503c24ff,f
463,500b60c1-1bb5-43b9-a41e-01eaf9bd83e9,f
464,5020e7af-db58-4386-bae7-60cce1e18f56,f
465,505f5226-9b92-4bc4-b77f-bb2f707a655f,f
466,50617311-f5b9-40b6-853a-0c22250c3c01,m
467,506bea59-e159-4119-b242-fcc35ba28b9d,f
468,509f3ace-b752-40a2-97af-105a50a005ec,m
469,511b45db-322f-407d-bace-90661dc390c6,m
470,512a6632-8af5-4700-a088-daa9df8f4b85,f
471,518747bc-bf09-4ba4-9aed-51f1fd6b107c,m
472,519f4904-dce6-42ed-a6cf-0723e3b8da2f,m
473,523ee119-e30e-45f3-a996-fe49f4518b18,f
474,526813ac-16c7-4a01-8290-846190a427fa,m
475,527fb912-b213-4656-b8bb-be98a07ecb00,f
476,5289fe9c-ea84-4ef6-b355-a3a350dd43d1,f
477,52bbf5c0-544b-490c-85ed-31dcdfb6ed67,f
478,52d48415-803c-4f9a-b41f-fa228bc9d19c,f
479,5330ce3b-dab3-49bf-a5a5-420c21fb560b,m
480,533a7295-0add-4f1e-b4da-8870bf2e2acc,f
481,533bdf81-e7ee-4546-9e7e-1727759b29a7,f
482,5340420d-2965-47c2-aeec-a9094a6034ed,m
483,5364b7f6-9228-49b8-83a1-aaa54b01b00a,f
484,53665bbe-06d3-4ba9-88e7-77566203d4f1,m
485,53673192-3562-4eca-a338-db5c205f3dd4,f
486,53ad1b92-bedd-4736-9446-044f804513f7,f
487,53bf63be-9eac-4e4d-b52b-e85ffa2c49ec,f
488,53ed6eb2-7b7f-4429-9211-a7eddadcffc3,f
489,53fa083f-87e3-48d7-9bce-6cd19f8be9d8,f
490,5408c0e4-044e-450c-980a-2ce642e60cb7,m
491,54169a47-4101-49c7-8043-42bde722cd81,f
492,542c4081-651f-420f-bf2a-0eb463246c63,f
493,545b245c-3fa7-414d-a4b4-4c0b7cb2a9d5,f
494,547ac031-3776-4f0b-84c8-cab1ff339648,f
495,54ad22a9-be0c-4b6f-a453-5bf961f46089,f
496,54b889d8-ca17-4880-9064-ff42784bda2e,m
497,54e8aba7-4a01-419d-b032-21643850f5e0,f
498,54feb44c-dec0-4b74-a7d6-e5fc62e28fc7,f
499,5511e45d-1de6-46dc-8921-76b7a6063d23,f
500,551ddc7b-dff4-4bd2-a43b-2977454a9654,f
501,553f0b63-3f8b-4948-9e69-d7c045447a5c,f
502,55664afc-2b02-451b-b1f5-c8de3f197846,f
503,556f97e4-875f-4cdd-aaf1-b07f7f037a49,f
504,5576f5d4-328d-462b-8330-4fcc73d9505f,f
505,557bacc1-137d-46fb-ab46-888a541bcff1,f
506,557fb3c6-d16a-4005-9e5e-fedf36fcecc8,m
507,55875421-7c69-429c-9e77-ab63c03504e7,m
508,559823bb-0280-4730-adab-3c27f9c98b42,m
509,559eca84-825b-4183-8f87-806790aad720,m
510,55ab56bc-465f-47cf-a361-0c3083d77ed1,m
511,5620112e-bed1-4aa6-92d5-02476e84b85a,m
512,563ab0b2-86cf-48f0-9f03-795459ce220b,f
513,564be594-4b5d-4700-b56f-e9ecb513a47b,f
514,56553057-d787-4cff-b1ae-7417becfa72f,f
515,5676e296-1f2b-481c-88f9-df780625136a,m
516,567c1105-53a0-46e7-99b5-f0e6c85e57c4,f
517,56bc7f19-ebaf-4293-945c-3e7a8f6d77e4,f
518,56f6149c-1e0d-4d97-81d5-d1681d5af392,f
519,56f74952-519f-481f-85b0-a0ec05cc3e62,f
520,56fbde0a-dafe-431a-ad2c-a6eff161daac,f
521,57569b77-7d0f-474d-ad9d-53def0a527d9,f
522,578cca90-ed24-4c6f-8ff1-f289ac115869,f
523,57aa779d-dcc7-4d2e-a895-da5a4543d247,f
524,582d602d-04f0-4a94-97aa-ea44c5809b51,f
525,58fbcde6-a64f-4ac6-967e-f13598d79064,m
526,5980c62e-9f73-4ca1-a4f4-990991667753,f
527,59bd795e-e838-47ee-93fd-03212c0936d7,f
528,59d48c63-684a-471d-8f6b-b74d804a681e,f
529,5a1d6b4b-e5d6-4804-a510-e3cbd9a71e81,m
530,5a37ed24-8635-4bae-adbb-321fc9ad6b2f,m
531,5a3baa2f-6490-4293-ba30-d97e1bec8494,f
532,5a7a1e3e-3a69-4d1d-acf7-478ddb4db90e,f
533,5ab7dc82-b944-40cc-a55f-0338de48a710,f
534,5accec64-55a4-43dc-9d90-d99645ba5f81,f
535,5b568d4a-2f4e-46b2-971e-bce62b00d562,m
536,5b9af14c-95e6-42eb-807c-bfe61f0b9246,f
537,5bebf577-a9ac-4828-9c79-954e913d27a8,f
538,5c49a605-8e5d-4be9-b0a4-736ea24bc3b8,f
539,5c643344-86bb-452b-bb2d-44d48c2d1c44,f
540,5c8afb1e-004a-45d0-811d-6e86cef28032,f
541,5c8f9703-ce79-4988-b913-bed33231fc8d,m
542,5cb43593-5823-4a7c-ba7d-427f07dad4e8,f
543,5cb4d8ff-f358-4c38-9103-a7d2bf6195b9,f
544,5cda7adb-56ac-4dfe-b422-da535288e801,f
545,5d3f7ccb-feb7-41a6-9463-6146052072e9,f
546,5d5c956c-1844-4de4-9b6b-76a4ecb95625,f
547,5dc814aa-9915-4eea-9444-899fe9dbef5e,f
548,5ddcd342-3e87-4526-ad4e-ca0a96bba02f,f
549,5de5785e-c367-432f-9937-73ec81176298,m
550,5df3383f-691f-42f6-b40e-1fdd7742298c,m
551,5e011426-7de2-4223-ac0f-0f7b6c8da91a,f
552,5e3af6d0-730e-4fc4-b36d-a0a1ecf45e21,f
553,5e46e70d-a21f-4005-9a41-2c7a3fa200da,f
554,5e9f8a29-1dca-415e-9f24-4fddbe7869c3,m
555,5f09fcf3-ad3e-4982-a85e-c6c6c52d318d,f
556,5f335af9-1c98-404f-acae-353a420f1a57,m
557,5f49b703-bde2-448e-9e31-cf0d8e6f2f4b,f
558,5f55372b-633f-4021-87e4-67f8ac490956,f
559,5f5ac1f2-b009-423b-bf11-1333a65f4619,m
560,5fb21f98-d7da-4b7c-9cc9-684505a5a3c0,f
561,5ff4ae33-8180-4c74-ba54-2b67d1625cf0,f
562,602e84f0-c2a6-4f69-a919-4c31abbd1488,f
563,602e896b-dfde-4460-8000-bd72f226356b,f
564,60384eaf-36de-4e7d-9f73-b6924cf4a657,m
565,605aa9f9-708e-4161-a760-12041ab3c6dc,m
566,60af3ebf-9fe0-41b0-aebc-fa1e3087f945,f
567,60fd01be-64e0-4e99-9045-2804577aca47,f
568,61f78e37-c273-45ee-8224-e71e48397f25,m
569,62251559-bbc8-4c48-b0ce-b90d80842b53,m
570,62265808-0577-4a5f-a0b7-812eae8a256b,f
571,626cdb6f-8c38-4b8b-9145-de26ef362fe8,f
572,62c41831-8d71-4f9c-bf1d-73683d486254,m
573,62cc4215-388c-4b66-93c8-7fab5f62e213,f
574,62d275ef-2ab6-446d-af41-64d60962eed6,m
575,62ee2707-f143-44f2-8e4e-022cdb19ec38,m
576,632dfa6d-4182-4f74-b7c6-5c242b1ac52d,m
577,6351b5c9-2ef3-431b-a67a-9cb3e3ab9851,f
578,6371afa9-024b-49ae-99bb-2addb29ef28f,m
579,638ac7df-4ac3-4b57-9167-24593232fa84,m
580,6395b21b-a4f5-4aef-973d-5bffbd12ca96,f
581,63a9a232-abdb-4e9c-8414-d3268a01b442,f
582,63c47299-e713-46a1-b9a4-44ebb006d778,f
583,63cbc073-f141-4621-b1e3-fec26e642f59,f
584,63d797c5-d90d-462f-a0ca-e0895fb4a122,f
585,63ee7891-5541-4338-87ba-ec6137874437,f
586,63f45c8e-6b0f-45de-b1fd-b7b3d7ae9b89,f
587,6428acce-7bf0-4d7f-83fc-053d5bb0abaa,f
588,64828486-c6f0-44a7-ad64-1c3b9f7cbe6c,f
589,64a922a6-a5cc-4998-9b0b-554be0d7d6fb,m
590,6522582d-4602-4165-8b7f-004fb17e89a5,f
591,6552406d-40c7-4d2f-b716-bb16de50baaa,f
592,658792bb-94c6-4354-8525-e187660ef790,m
593,65ac333b-e7ea-4349-87cf-54d6e1a72658,m
594,6631d028-ec4d-40de-950d-33787b1cd198,m
595,6632bd94-8f8d-4b05-a6d7-a9bb7a74747b,f
596,6659eb55-89a9-4ed4-9742-93639f3e5f9b,m
597,667823b3-fc97-44be-a7cd-2ab02ec303ff,f
598,66b95661-dcda-402b-b176-4d9b754583d9,f
599,66baf607-31d0-4641-9166-e51646ed1944,f
600,6735d50d-0ecb-4add-b9e1-1ad977621d80,f
601,67468604-b2f1-4b52-9a1c-07b2f8d85794,m
602,679cddea-9cd0-44d5-bef8-7998ddc870eb,f
603,67b30e5e-9a25-4d57-9da8-beaab975a4b3,m
604,68003fbb-8126-47ab-8f11-0c36afadb01c,f
605,683aa00b-e088-499d-85f0-08f154525860,f
606,686f2537-9350-4f50-8db7-b9617ef73aa6,f
607,68a14eaa-6fef-4274-a80b-5c99446f0cd7,f
608,68dbd7c1-416e-43af-ba8e-400e4fa1c3f0,f
609,69141100-d458-4dc2-97c0-c6bb18d7c7f9,m
610,6928c248-26c6-4da1-87b5-12a317432127,f
611,6957f97a-c1f4-4875-95fa-52786d23d438,f
612,697814d1-473d-4d54-b3d2-05de6ea16035,m
613,69926416-b3c5-473a-98ea-e429f4bd9be2,m
614,6a03780b-3bd4-429a-bf8c-ee3d17994ac6,f
615,6a1b28b7-f194-49d1-808e-d3f3972eb5b9,f
616,6a3d5e3f-ce5d-4a7d-975b-b3c2d830e0ea,f
617,6a7591ea-a8de-4a41-a731-816344e531fc,f
618,6a988d24-db9e-4bc7-8df9-5bb12f822e85,f
619,6ab978fd-5740-40bc-bc73-d7f43049365a,f
620,6abd71e4-c0c7-4a4b-8f44-3a8de17f20af,f
621,6af72a62-9212-4ce2-a18d-bd8ad217ae9f,f
622,6afa02c3-f0f3-444f-aad9-2f1ea1c098f5,f
623,6b06d303-cb90-48be-b66a-718321bc17f9,f
624,6b6f138a-b70b-4691-8ee4-79bab374e428,f
625,6b85ab58-9c4d-4cf3-94fd-2d5034aa6ec8,f
626,6b87dab6-22c0-4f8c-933e-1c35508b482f,f
627,6ba1ff12-1313-4448-997d-a5d9997cfb03,f
628,6ba225dd-41f8-4332-a68c-6742f1097ce2,m
629,6c2a3314-d80e-43b1-badd-64e2b06ad48c,f
630,6c3795b4-2dd5-4ee2-bfca-7633295d8de7,f
631,6c449b34-3cc2-4f21-9de8-09fbd67bb174,f
632,6c4ae1dc-b1b5-4659-ae85-728173da33b9,m
633,6c87a0ac-9d04-4b4b-968b-d6fbfc8755cf,m
634,6c923c15-2f83-4779-aa66-6450434e1c67,m
635,6ccc302b-db67-4bb8-93ed-f5f8834d25af,m
636,6d48bcba-30b9-45d2-b03c-16aca184846d,f
637,6d710af3-e4f2-42e1-ad29-41da793ab6c6,f
638,6d903e81-5288-4672-8f72-18f91207b666,f
639,6da369bb-0c79-437a-8209-bc9f286f48aa,f
640,6da38a4b-836d-4604-aa5b-4cb96ccf6061,m
641,6db56c67-8e4e-4c6e-88ad-4e9e0fa603a0,m
642,6ddf9e85-6a1c-4986-9646-5e182bc98277,m
643,6de204eb-d994-470e-a625-8d59578284c5,m
644,6e2f89c1-1812-4df7-9880-6f13a7a84306,f
645,6e50cfeb-5758-4c33-a3d4-29d246557b1b,m
646,6e531f07-4063-4ea6-b582-5718f498c64c,m
647,6e838e2f-aaed-49ea-8d20-5e9bb5256790,f
648,6e92ab5b-971b-4759-bb99-a6f9874714a7,f
649,6eaa66d7-2e8b-4c48-b1a1-f664ba6f1c94,f
650,6eec059e-0464-4c08-9f97-1a13f68f00b6,m
651,6ef83e53-41bc-478e-b5e8-a35bc0143753,f
652,6eff812b-50c4-49bc-94d0-4bcb7d204f91,m
653,6f0e4abc-bebf-4d8b-8a96-5f2f1811a3f9,f
654,6f74c592-2054-4b18-ac42-632bdb7ebae1,f
655,6f8802f2-3a50-4c46-bea8-f9a531639a2b,f
656,6fb69648-376d-4ef4-8f75-dd81ab27640b,f
657,6ffa0053-b071-45a4-942e-0490382c5cee,m
658,70193cec-089f-448f-a0b0-4a90294b2f2c,f
659,7019bf24-b8db-46bb-ba85-5a68afff422a,f
660,703cc3cb-6fb7-4239-8aec-60545c3c67ac,m
661,7073f4e6-6787-4f51-aa9f-ea996d38559d,f
662,70f78b4d-d92f-4bbe-ab39-c9fe3ba42abd,f
663,718c417e-82e2-40e1-ba2e-ed49baebe438,m
664,71bacb33-db50-41ff-9d90-f3cd3f34ce46,f
665,71ebe842-5d31-428b-b997-5880b1ec64c4,f
666,71f7e163-beb5-4d45-8816-c01235f16c32,m
667,7216e455-5804-4149-8c81-dec35d5dc2e7,f
668,72a88aee-a6b9-4350-b0f1-e1cad692f3b3,m
669,72cb5bd9-ef57-4898-b65b-fb43e01f0d99,f
670,72ce0f92-1b8d-48d2-91ca-fe13fc881fcc,f
671,72d2b2f3-80e0-4001-875d-1d4b9f9b5040,f
672,72ef0e64-5a77-43b4-be80-861f3bfd24d3,m
673,73164e61-6c4d-45a9-a5ed-9896e44303cb,m
674,74dbe805-bef2-4e44-8f86-e58e8d09fbee,m
675,75054e20-a6c0-49e7-8d31-57557c9e0480,f
676,75182fc4-89f9-43b0-a094-dae182d2384a,f
677,75a6e7fd-c5eb-467f-bf86-369a1087edcd,f
678,75bfd24d-dd67-47dc-b277-33a5df102373,f
679,76525302-cb2a-402e-9b5f-5ede4d0cd324,m
680,76560b66-f310-4fae-9ca3-8ae889404b2f,f
681,76633975-f7d3-4dea-88cf-b570c4deb0ca,f
682,76b65ba3-882a-4611-8758-12371e327ad2,m
683,76beded6-aa0a-4f3d-85d1-9b7d6cf12d96,f
684,76f2cb4d-d093-4849-b2a6-0b28286fdef7,f
685,76f53940-e295-467b-a107-0e71ded17f1f,f
686,77049d76-7f78-41b0-adca-61195f137b53,f
687,774ce712-e821-41c2-8f24-60e338d12a92,f
688,7750913a-9803-45b3-9cb0-f3ce36d5ed38,f
689,777812cd-b454-48c0-8479-35b499da65ae,f
690,77860fa8-94d1-4cc7-ab19-b2a92fc7ab45,f
691,77b8fa2b-34a8-4cb2-8a5b-3e2529fba234,f
692,77ced4fa-b022-49a8-ab2e-00d6b5f16c50,m
693,7854cf97-5796-4584-9c6b-d62ebaa7b4c0,m
694,78a3e481-379c-4917-8af6-0889607ed3fd,f
695,78b5f4e2-9107-4e84-931a-44fdfd11b0d9,f
696,78e620db-69ca-4ee4-92fb-7353fa0f1078,f
697,79048970-0162-467f-9785-24d3fc4d0630,m
698,79265e5f-136b-4daf-b193-68bb9b0e3c68,f
699,7935d84e-2b3b-400c-a079-747c2f9426d6,f
700,795802d6-e704-4764-aaf1-12f97ea263a8,f
701,797bb820-546d-4a63-a2c4-f7ab9b0781e5,f
702,797eedaf-ab23-49f0-9802-91c08b379522,f
703,79b09171-ed56-42a8-9c45-6ed52db4f920,f
704,79b264ce-4ffc-42e8-88e6-04dd3cbb6cf2,f
705,79cbc995-1658-44c9-b923-14476bc07447,f
706,79e9a4b5-6ca3-414f-a76f-50d0bde17684,m
707,79ffe1b4-4e3f-4f9e-89ae-8cb4881dbf04,f
708,7a144398-12a0-451d-be9f-86f15dcf5237,f
709,7b5b6d0a-eaaf-4209-8da1-b960dc9a13be,f
710,7ba386cb-f768-402f-999c-2482768ae87d,f
711,7c18a9d4-2439-4ba6-b5c0-78bc2f17b658,m
712,7c26b16f-36f2-4272-a2b6-0696b01b3434,m
713,7c2d1f82-c566-48e9-9131-8e0fa4d84b49,f
714,7c334e3b-2625-4591-8b94-241e2aad090d,f
715,7c3e14e1-135b-4d44-877f-1c1592e456d4,f
716,7c500aa9-16a8-4e0c-852f-50f1d28f0bc3,f
717,7c68ffa5-2646-4738-9b12-5ebc00d9209c,f
718,7c720c7c-c50c-4687-965b-2aeeead45369,f
719,7cb86a51-203d-4794-b4ba-9b80b6934432,m
720,7cd52f2e-15e2-44a7-9691-86ef1dfc267b,f
721,7d7dc304-e004-4436-8281-49aba4f72643,f
722,7d8d4f6f-37f5-41de-acfc-b12d0e6ce0e7,f
723,7d904ff4-16ce-4155-83cb-799bc2a36101,f
724,7d9ee731-3e03-494a-9b3a-fb06b461d10c,f
725,7deea0aa-13d8-462e-8c27-392d6864b149,f
726,7e165e6d-939f-4fa8-a320-2dec9e78c231,f
727,7e4a6863-376c-4c7d-bd5d-c5cadca8d30a,m
728,7e6353c8-4b83-4be4-9ea1-0a9a20fed205,f
729,7e65a152-43f2-434d-a88f-6ae4aa9d5907,f
730,7e8b50d7-4019-4212-93da-25970f96f3e5,f
731,7eaf7308-db2d-45fe-b327-6b789ee240f2,m
732,7ebf05ac-5a61-4c29-aad5-3cfce25f7e45,f
733,7ecd179b-f0f6-4838-a4b0-ee8aac27ad07,f
734,7efdd85a-eda8-4721-9237-ef7f2f6bb04e,f
735,7f070309-e932-46e0-8cf7-7e67287be105,m
736,7f1f2c1f-c870-4081-b61e-f95dcc564b51,m
737,7f2a414c-6d3a-497f-8eb5-ceb4465a9fde,m
738,7f916975-75c9-4198-9475-2c0ba1111c08,f
739,7fd99b59-28b8-4168-8efd-12bee2c0f6b5,f
740,7fe09495-7306-49d5-a3b5-776b0bab83fb,f
741,7fe3ff20-04d8-4ce1-a410-06e0b208144b,m
742,7feab57b-87d2-4cb1-a392-18fc55911aa7,f
743,80309770-e4a2-4156-ae02-f57840a750fa,f
744,80329fbb-1eb7-4ae5-a014-f6bf6675bf4c,m
745,80889d09-56cb-496a-a196-c953cdf15e5c,f
746,808fcbcd-60fe-472f-a4d5-cc51e4ac0d92,m
747,8096e920-3231-48b5-a9f3-fae0f0c05d2a,f
748,80be57d8-7f0a-403c-9315-7171abf1a374,f
749,80e44f3d-4519-49fd-bc5b-9c3300e4b53f,m
750,810c4f00-0815-4de5-b170-aae61c5d0604,f
751,8133fe16-6139-40f3-a588-fcb0e4778220,f
752,8146cf98-c262-434d-b204-1b456e522e24,f
753,81a3facd-badd-48f9-a22d-99f7e25e5dc0,m
754,81b09aa0-ac39-4b68-ad01-214a8e0c5e56,f
755,81cb13f3-12b2-415e-912e-46879f33a325,f
756,82029009-96e9-452a-913d-be2454c4da24,f
757,8255c7c2-9bc7-479c-ae0a-b2f486285ebf,f
758,8258dd04-e47b-47e2-aeb6-68b996399586,f
759,82a1d110-43b2-48aa-91c9-56a7ac3721ed,f
760,82a75ca2-eca6-4403-86fe-ff22507253b2,f
761,82d6f10a-5fbf-4f74-8fce-5762c14a701a,m
762,82fba8f2-617f-4f1b-89a7-00d2dd24a5bb,f
763,8325cffe-f8bb-41c5-873b-d1af7da3e3a1,f
764,8330a39b-0f57-4e3d-b3d1-768de749d34e,f
765,83505b10-f354-44dc-ac0f-f6b304005de8,f
766,83728e91-c387-4276-8252-58ec6cfb7a55,f
767,838b5388-99a8-4761-8ac4-b93b5e7eb2b7,f
768,8390cc78-f5d1-4844-8a5e-cc96a334c784,f
769,83967d67-44d0-4a93-81a7-ba931b548fa1,f
770,83c30b31-dd8f-4b66-9a29-97e6689c3439,f
771,83cf735b-5ba1-4aa0-9413-a3e89d8c0892,f
772,83e4b61d-4cc6-452d-8b8c-68e4125b6077,m
773,840fa151-5042-45b4-931f-7acb6634b6c6,f
774,848c9694-6e4e-4103-8196-c01db7eef80c,m
775,84c6651a-b4f7-49e7-b9c8-08ffc0e28edb,f
776,8508601d-73ee-4ab6-ac41-4665005c07d9,f
777,857c45b7-01b2-46cb-9a75-5bb7287d3169,f
778,85d6c6ed-6ee1-46f8-8301-5964a06b5f0f,f
779,8601b948-87ab-456a-b60a-3843bb54b01b,f
780,863b91e5-7769-4c79-a521-7b53b2580bf0,f
781,86455b3e-0522-4f0b-8c43-497821a1872a,m
782,8653918f-6d66-49ff-8039-1cd0eecd266e,f
783,86724ff3-f27a-416a-a321-9971ef13d028,f
784,867b5b3e-e9d3-409b-8cbb-cac18ccd59e9,f
785,869f5604-50bc-4c1d-8b33-975c6eb89929,f
786,86d1628b-f56b-42b4-9af9-4e00c66056c6,f
787,86d8cf64-6013-434f-ae1c-df0c45b4367a,f
788,871381cf-d52a-40c6-8e1e-a92d78a37386,m
789,8736929c-918e-45ec-bc06-b8c95b448bad,m
790,874963ad-6722-49b8-8f87-4eb65a80cfd1,m
791,88252964-cdc6-4fd0-9073-8f0d5e5855fc,f
792,8834e85b-0c69-4190-975e-abb8086343dc,f
793,88850c92-119a-41e1-86aa-cc77d7a636d2,f
794,892eca9d-015c-420f-b048-736bd8f1f41e,m
795,897d05a0-84c7-433f-b8cc-0fcd831dce15,f
796,8988a033-154b-40d5-9fbe-7dfb3bf7c8eb,f
797,898d4866-6f9b-4651-9ddd-c7e8bb2a6a89,f
798,89ae753b-2ee4-4208-94fd-bffcb81d1e48,f
799,89e0dc22-f3a1-40ca-b571-c7a9265a3e07,f
800,8a8dd3ca-e33d-490a-ba92-b07dbcda53b3,f
801,8af64e19-5bcd-4ee6-b78e-6cd1a8f357fa,f
802,8b0406b6-5cc7-4b64-a3d7-27100c8aa0bd,f
803,8b1a93c9-c0d0-44c6-84b4-2111c37827ea,f
804,8b39c460-15e5-48b6-b2af-ddbabdfe8714,f
805,8b557033-b6e6-4cd2-bb35-12ed0507f224,f
806,8be52837-efba-4847-afb2-b816fe70b4b6,m
807,8c19b6b4-c445-4db0-8ea6-ca0f921f97a2,f
808,8c5298a6-ff4c-45e9-bf91-4b860dc70dc4,m
809,8c872a3d-88e4-4f17-b98e-a13b9bd24cf8,m
810,8cc05411-6c57-4bed-bda8-df236ea53ae0,m
811,8ce4b76a-80d4-431e-a735-9b5e6f03f229,f
812,8d0a2bc0-6ba2-4761-b210-c621030e343c,m
813,8d80645a-70b4-4a51-8a33-01988ac489dd,m
814,8dfa47f4-bb7d-49bb-9330-94497a95c191,f
815,8e227662-6619-4493-95ae-0c142a8d0071,f
816,8e727bfd-eca0-4b86-a0ad-c1749001ee03,f
817,8e9209f1-f3fe-4b4d-a493-23b64fb08b1a,f
818,8e983bea-9c7c-4c3b-8253-bc8cf6ac5894,m
819,8ea8c2cc-5297-4d47-8098-24578921256e,m
820,8eac1259-3493-4897-aa9c-0dd862c5d17e,m
821,8f407c62-038e-4ed6-a57c-67aa5af44e4b,f
822,8fbc5e24-8c29-4e3e-adca-338e14445166,f
823,8fcc0599-41e9-42b1-9c58-1e2d635b2a30,f
824,8fe3d9a7-972d-4b5f-b863-e32333febe34,f
825,8feac848-a0f2-4534-b4ca-32ed29bb186f,f
826,902507ae-cac5-4bf7-8fe2-c196b1540d63,f
827,9072d073-9390-4d66-9d9b-71817df0833f,f
828,909c17cd-b95e-465e-acf9-06fe4e1d9704,f
829,90bde35f-951b-4549-8bd7-e58f0bd24f40,f
830,90f04f20-a1c9-49dc-9cf0-95a28d493ca3,f
831,9127503e-a6b2-49dc-b1a3-496df2dd9171,m
832,912df073-5fe6-4e5a-a8cb-bad5d753e86b,f
833,919234e1-c3e5-4c3f-a38e-0e3fdcf0dc82,f
834,91d103b3-6a94-47ff-8c28-77aa32bb0fcc,f
835,91f495d7-0299-4c7f-b3b6-b3295685d0c7,f
836,924d4cc2-144f-4afe-8b08-ac5c74af9e9c,f
837,92520d4c-3fe2-44c7-9491-7e616c170520,f
838,92699f8d-5428-44e9-9ca2-970a4f4c43a9,f
839,92933afc-9773-4e05-a6b1-0c0d743b7d2e,f
840,92cdabc2-1121-41fe-b399-d299ad1075ee,f
841,92ff4fd6-f5b9-4688-86fa-43268c1b3323,m
842,9305e8ee-d95d-4465-bea8-8f72ff2510b4,m
843,9347f4a6-313b-4b62-b27c-9f74e7d7acbc,m
844,935691b9-5751-4d52-a9ba-b100543ae45e,f
845,93605e86-d0a2-4431-92c7-3c44a0804b43,f
846,9361486e-bcbe-4fd2-989a-e68b3d9c5380,m
847,938ba493-c019-47c9-9e6a-ae40a53ceb7d,f
848,93b3225c-cab3-470e-88b7-ed31987f2e24,m
849,93c85cf9-cadb-4642-9a67-b9fcfe0fb28f,f
850,93d829ea-2b76-4b4c-a683-ae609f231ef7,f
851,940f91ed-a8dd-4fd2-b056-a1e590761e0e,f
852,94501958-45cc-47d2-bd46-c4459df0c0f1,m
853,94683d78-8549-4111-a36b-56d4d6963bda,f
854,94749b26-b0a4-4763-b960-4ee91beba06e,f
855,94871125-afe5-4933-b069-af2e53a7a1a0,f
856,94af7776-044c-40cf-b3a4-08091cee33fa,m
857,94b6f9e4-dc6d-42c4-8882-b11483fef918,f
858,94ed4530-5974-47f1-9ead-8d807174ad18,f
859,951cca86-989f-405a-85d4-6a4c0e308937,f
860,951dad4b-761c-440c-8cd1-48484035943a,f
861,95512d3d-9b99-45bd-b893-bd4009cb1128,f
862,95719cca-cb0d-4959-851a-446da4390db2,f
863,95721841-a3d3-4425-9061-fdb59c659835,m
864,957db9d9-7a9f-447c-80e9-290e2a9b13d7,f
865,9581e6fa-55ea-46dc-8f96-0385990c795f,f
866,959ebdbb-825a-447a-b410-cb36adaaace4,f
867,95a46543-0006-46a8-9216-64091511abda,f
868,95aba1a3-6465-492e-a073-512ab28ebde8,f
869,95e83b24-37b6-49b1-9ff7-496ea5ad70f6,f
870,95f97095-3962-43e2-b910-3cdc0b5550a5,f
871,95fcc9ae-8876-4869-a7ed-96b3b37cbd04,m
872,961f9074-c4a9-4379-a3c7-624c760d1747,m
873,9622df18-e628-4e82-845f-e26db9999a08,m
874,962440ae-972f-4206-b3b5-018e766ed703,m
875,964261c9-881f-4b30-b5d8-6b07504db598,f
876,969c7646-beb9-4f5f-8af2-149d53aaf9fb,m
877,96d41562-93b1-4904-875e-c82ee21d5f20,f
878,96df93be-a5c6-4965-b0bb-2d46337f7e1c,f
879,96f332ae-f294-4a86-86a9-d59cc25b7628,f
880,97d76c38-aba0-4a25-ad30-e96fc0211ea6,f
881,97ef3fb6-d463-4f55-aa9a-e17a86c07cb3,f
882,99718613-24c9-431e-8cec-a90ead50bfaa,f
883,998ae4aa-37dc-4e60-be5a-a601d26d1de5,f
884,9a5cff46-dabf-4a8a-86d5-f44e00c4e78e,f
885,9a6d51c2-2816-4c1d-a2e1-34533e9bf367,f
886,9a9920c8-d289-4010-a4aa-97b2a5351287,f
887,9a993eaa-43ad-4449-b1f9-c0dbcf3c720b,f
888,9ac7f28f-7009-44e2-addb-77ad19097cb9,m
889,9af6bf11-9850-4c48-8b13-88358fa2588e,f
890,9b25007a-10fb-49d2-b7cf-cc634c2a0399,f
891,9b43c612-ac26-4f20-a59b-7c12c4933ff8,f
892,9b6c8211-9cb3-41fe-9054-6e94a1d26bb6,m
893,9b73af28-b86b-4594-a98b-6343048783b6,f
894,9b962500-375a-46e0-a697-e6e640aa338a,m
895,9baccc2e-7564-491c-9efe-c0457aee38ab,f
896,9bfb7296-d934-4eda-99c5-105128a06d12,f
897,9c7cc339-d6d5-4360-9ca7-2878bf41daba,f
898,9cb55f07-513a-40ca-a29e-3bee8e5e5d5d,f
899,9cc09d5c-758e-49c0-9c42-e1d5d71c9ba9,m
900,9d2046b1-4353-486f-b876-712e94a01ee7,m
901,9d6d5f83-efd6-4e9f-9e71-943399904a28,f
902,9e0a473b-783d-42ac-b245-25b0516e085f,f
903,9e34d4b9-236b-4a1a-ab04-0bdba61e614f,m
904,9e4544b9-63c6-48a8-b441-011522e5b937,m
905,9e7341b0-b2ee-466c-a31c-12677c483554,f
906,9e9bad64-70fd-41d9-8706-0d171d9fef1c,m
907,9ec08a5b-db6b-4675-a344-ee2e495d6205,m
908,9efc3377-ccbe-4f28-965a-8e24ee2bd2dd,f
909,9f5edc30-8457-49ed-8d63-0266bb7dd8ad,m
910,9f5f05a3-a44f-4026-9310-f60ef44959e7,f
911,9f824bb4-1dbe-44bc-a58a-17c84bb78518,f
912,9f9570a3-707d-4bf4-9d10-51ae0156730e,m
913,9fbe08cf-054b-4673-a11d-017409738e6e,f
914,a02c7f47-fcfd-4817-95e6-4b4d498dfabd,f
915,a05bbb00-de0a-4584-ade3-900c1418b705,m
916,a0704ef5-cfc7-403b-af11-01b09693e0d8,m
917,a072e8f1-9ce9-42e8-b1ac-a0cffd76eb20,m
918,a0877dbe-8e08-450f-93e0-6f4492e4c9f9,f
919,a098eebf-bfea-4635-bd93-44bd0f4459b5,f
920,a1097157-0198-4873-a2b5-7f1f4d3efbc1,f
921,a13022dd-2878-4823-9293-bcbedd908958,f
922,a15aae86-d20a-402f-b4d0-9a268f5dab65,f
923,a163980b-155b-4ed4-99c4-3ec05158bd18,f
924,a1eb7516-322e-4d77-8d37-7f8a04f5d9a6,f
925,a2326550-ca49-4d95-897e-5a1a6a456e23,f
926,a2a4a153-f992-4286-884a-38f44284f37c,f
927,a2c4b871-84cf-4563-86b0-47bcab72a43f,f
928,a2cbdcf7-24aa-45e4-b225-711fd6b49caf,m
929,a2daa037-9324-4248-a19e-0fffdc1f7ec2,f
930,a2e01935-2604-4e5d-896d-49bd36b46b97,f
931,a2e1b5a9-be69-4221-8c49-401c4be45c3b,f
932,a3075caa-93fb-4f5e-940a-95935cfc570f,f
933,a30f0175-cf33-4f52-ab5b-2cab764e076c,f
934,a3b8d79b-7907-48ab-99e5-ecf17ed75e62,f
935,a3c76d81-4eb6-4c14-95ae-b6a416b1c955,f
936,a43786c0-70fa-42e4-894b-6fedbae29780,f
937,a438034a-1f1b-412d-bfcb-8b236991dfdf,f
938,a445d0ea-968e-4d7f-a5c3-772e7624c3de,m
939,a4558b87-b8bf-4b94-b95a-62efa48d5ced,m
940,a46d4146-e20d-4a38-9555-06614248d66e,f
941,a494a273-9cdd-44a2-b2c0-826730a23edf,f
942,a4f8e7c3-e419-496a-a7f7-f831613d3ea7,f
943,a5137c43-13b4-4bf1-a969-7e46e10ba0ff,f
944,a540d677-360f-468c-aa4d-918feef3bce2,f
945,a5553cf7-b74c-483b-bb46-7c375596a635,f
946,a56e6383-feb7-434a-a5e5-e6ce94df1379,f
947,a5927311-9044-4d61-a276-5201c586110c,f
948,a59fca72-909b-44c2-bfdc-b065533b89bd,f
949,a5a5d756-379b-43e4-ad79-d55c0f91c1dc,f
950,a5d8706e-f29e-46ee-83e4-ec8b96e820ca,f
951,a6176a75-39d0-4424-bd42-24f6973f85e1,f
952,a6605c64-b326-46ac-8003-90b034d740f6,f
953,a66a7232-5697-4521-8a74-8fcfa0b166a6,m
954,a67a09ac-f9d6-43a7-87e3-7ddd75bec1fa,m
955,a6982231-b2aa-45b0-a827-0cd5a7cff765,f
956,a69f9ba6-9e50-4844-93c7-6b8e1cbcfa0d,f
957,a6cc4f6b-fe97-41e3-8d50-b24f6f47e02b,f
958,a6f9b6e3-3b19-4972-9d20-df4876767b8b,f
959,a705c807-6870-4b0d-99f2-ebb1e25d8c05,f
960,a7105063-f209-44a6-a74a-1f6e6a0e8ab3,f
961,a725e305-6bea-4a07-8e58-b2f4751547bd,f
962,a73d563c-e2a9-425d-a6e9-b30eb929523b,f
963,a75fcc7d-c9ef-406a-a3fe-6d390cf8fc48,f
964,a771535b-63fd-498b-9837-37c306f91d6d,f
965,a7728691-2101-4623-afea-7894818f5b15,f
966,a7d6b9f1-c408-4f6a-98d1-8a51981c28d6,f
967,a7e6e841-52bd-45a8-9193-660fa4fa10c3,f
968,a801ee9f-44a1-4c58-9942-52d8aebd345b,m
969,a8202573-42ac-4ebf-a508-33728a9b628b,m
970,a8363b00-1b48-4b0e-a0cc-fe1ead894d51,f
971,a877adc9-4e7c-41c2-a38e-92153e51f821,f
972,a88215cf-992f-4a95-8e12-6808d53a6f13,f
973,a888c018-be46-439d-868a-b77e8109a265,f
974,a8e50705-6920-40bb-92b5-59f062da342a,f
975,a9395eb8-5bed-4122-bc4e-ed32deb153cc,f
976,a9587c79-24f0-41d4-b448-e1ff618a4a6a,f
977,a967a0ec-ac53-4a2e-98df-5d9072d9828c,f
978,a999728c-445a-40ad-9dfd-bca1fad09193,m
979,a9ae639d-9218-4c65-8514-e54065b6e57d,f
980,a9fd6af0-e88d-45e7-87ff-79a3a7b0d146,f
981,aa0d32b8-0ed2-4dcf-9a9e-acd77a7d4d74,m
982,aa251af1-5b50-4fb6-afaa-c2b8a61d60b8,f
983,aa2dd657-16c7-4cae-aa66-45f01e0a3cbb,f
984,aa31dece-5368-4ed1-a4bf-4047bfbf3af8,f
985,aaa3d901-626e-4a55-8197-e94b8d55b5bc,f
986,aac78269-1a40-440c-a77b-52536e5db2ae,m
987,aac9561e-f46b-4701-a113-bf0883e49b1a,f
988,aacdf2bb-a9ea-45fa-a319-57b48faa3a95,m
989,aad01672-6515-4af4-8399-1c14d122a6a5,f
990,aad12559-78a6-4c05-b49e-52166fff9f87,f
991,ab4d9dec-384f-49be-bffd-75e4c08878f8,m
992,ab59a137-82db-45d7-98cc-6d5269417888,m
993,ab6380ac-b33f-4253-82b7-162a7c0b4a52,f
994,ab83ea42-7057-4fc3-bac9-7bf2c53a37fe,f
995,ab9e358d-41cb-46b1-9cbf-d00ac800be04,f
996,abb3251d-6310-42a3-a641-8383a0cd1c4c,f
997,abcb646d-ee26-4e79-a9d5-36ecf8e67512,m
998,abe7185b-f339-4418-a053-0226f93ab04c,f
999,ac19def6-0c8b-491e-a447-cbb3dbc8ff2a,f
1000,ac49850f-7898-4a38-8fbd-6839260a03bd,m
1001,ac8397f0-d9fc-486a-ac1c-2849172c33aa,f
1002,ac959bc2-9274-42af-bc2e-19773be058ea,f
1003,acd7ee56-c9d8-41af-ba14-21ac8641c081,f
1004,ad5784f0-44eb-4a04-93f6-241c7c6e56b3,m
1005,ad818177-c27d-4a51-afd4-33f5e0f9677a,m
1006,ad85664f-b014-4ea8-85c1-db70b717730d,m
1007,adc021fa-dd23-42ee-932a-07ef9ed9032d,m
1008,ae1c2f38-70b5-43b6-b46b-65a0104a372c,m
1009,aebffcbc-e738-498a-9d79-c959922eff0f,m
1010,af09ab91-8aa4-40cc-b9d3-a9e42137b9df,m
1011,af0cb5c8-4bc4-4081-ac3a-6a927c6758fb,f
1012,af716071-b782-44e9-9af0-3faefcf6e8c9,f
1013,afa04a35-a562-4971-9133-2e49afb4a925,m
1014,afe5862a-10a9-419c-86be-04022fb06f2d,f
1015,afec2a1b-c594-473f-8778-ac628da270d3,f
1016,b027f85b-d6b4-41ee-9c10-a847dff014e0,m
1017,b028e26a-987f-478c-a241-52e888612bb8,m
1018,b0c76948-5b78-475b-a248-433ee3452331,m
1019,b0f36bc1-ac61-4965-91ca-76c8e09fb7ba,f
1020,b0fa1c7f-f39a-4279-82b8-86ec6f2f6acf,f
1021,b1949829-5e15-47cd-9161-0fa94397ec9e,f
1022,b1a02d60-12f6-4d51-9a35-42812aad348f,m
1023,b25515aa-5ac1-427a-910a-b1cf502a07af,f
1024,b25bdba0-c793-49cf-b496-ab2aa5ec313f,f
1025,b26032f8-211e-4e54-a3b4-aa660539516e,f
1026,b2754ab3-c942-46dc-853e-9c3fd7408f18,f
1027,b2c7ddba-5bc6-4879-8f9b-8f0d9f7d272c,f
1028,b2f51819-f444-4d70-804a-c1bf25c92c16,f
1029,b31a11e9-8f30-45d4-bd8d-7b86de5912fc,m
1030,b31b6679-149a-433d-a1cd-f54b15d913be,m
1031,b31e7df1-283e-407e-9f83-8307d4918dae,f
1032,b31ee6ef-0803-4b93-81f2-47cc826fbbf4,f
1033,b334b1b3-53be-4747-970e-88576ff5079b,f
1034,b33c8bad-825a-43ac-a25d-a1fbdd0605eb,f
1035,b3422f3c-fa9e-441f-8393-80e393adfe2e,f
1036,b35c7eb4-2c18-4ba9-ac16-b77d1bb2af97,f
1037,b3d6c72a-73c7-4e56-9d43-9ec1403daa12,m
1038,b3df8b83-62f1-4a64-98c0-50718bd1a7b9,m
1039,b3f5b914-bd12-4b21-b5a1-f1be0b591739,f
1040,b40eaae8-e9a1-4215-94d3-d7e7e32d6ca8,f
1041,b40ef570-1294-474b-9a01-b127c39a693b,f
1042,b45837d6-d8be-4c51-a338-b014a96ebf87,f
1043,b459b17b-aa66-4d48-9345-98e6f33f61c9,f
1044,b461c123-906d-4bd3-b4e8-a9868e5a8257,m
1045,b46b376c-74de-4adc-8590-027b33a64d54,m
1046,b4b43266-fc23-4529-885f-e7b14c5032d1,f
1047,b4e6871b-e1e0-45b1-b621-90addd060111,f
1048,b53db254-72cc-4bf9-9274-d423b8da651d,f
1049,b555c2af-319d-461e-a9cf-54cfcd587fa3,f
1050,b56ad403-67b8-434c-adff-33ca53b40eaa,m
1051,b57f6e64-db2d-4327-a09a-e04e830bc89e,f
1052,b582d61d-c069-4805-a1a8-8a652506a76e,f
1053,b5865a44-ab77-4500-aafd-0851612b9db0,m
1054,b59bdcbd-7eef-4982-994c-148f79589bef,f
1055,b5afc37c-ed4b-4641-9f21-31b6d8c9be33,f
1056,b635835b-f18c-4e21-b09b-818caae506a9,f
1057,b6729085-a564-409f-907c-c1d1c7b526b7,f
1058,b68aa8a1-c780-478e-b152-d42a854ad401,f
1059,b69160f6-776e-48d6-a0a4-222abe25ef60,f
1060,b693620f-f4fe-411f-88d3-ea8fea13e28d,f
1061,b6d52fe2-e1e6-4fbd-9265-0e085c04e5f4,f
1062,b7004f98-be87-40a3-b345-fdb5538f2b68,m
1063,b710daf9-c638-4b32-beb0-7c5a3d76fe39,f
1064,b781504a-bd9d-48ad-8257-d4494768446c,m
1065,b7ba5fc7-3df7-4d56-a243-7f15d90f8ca9,m
1066,b7d5be27-fb7c-4e00-98a2-2b74d2c93269,m
1067,b7f1a78a-ceb4-4b7a-8546-b396e6ce1f8a,f
1068,b80abea5-e537-4d74-a3a9-08aca330f1d3,m
1069,b821f483-105b-445c-a414-010fed1d302a,f
1070,b844101b-c713-43ab-9952-60862e51f3a3,f
1071,b874e5d3-d618-4fd8-85e3-51726e6336db,f
1072,b8779cc9-3a8d-4a6c-8b35-49317bf16a01,m
1073,b88c6b84-e2fa-47ce-89c0-872925000af3,f
1074,b8a3147b-96e2-4763-8db6-e755ed8b8830,f
1075,b8be3bb4-cbf5-4165-9161-a048407fa7a4,f
1076,b9040aff-10d2-4a29-94d9-8cbf11ce5898,f
1077,b913fdd3-f1a9-4596-adba-0059a175f727,f
1078,b921d028-03ee-4514-b5ec-bb0f738599f7,f
1079,b987fc63-a06d-4a41-ba73-47765ff727d5,m
1080,b9b3d073-1218-422d-a8f8-b141036203b3,f
1081,b9f96d81-e418-4efa-b451-e5031936f608,f
1082,ba69fc0c-f5b6-4c0d-93d5-56077dabf7d9,f
1083,ba77f882-3f89-4643-8c53-2ede7c95c4b5,f
1084,ba7ab3b0-5f8b-4fdb-a3f7-20a6722ff70b,f
1085,baf0543a-4834-467f-846f-28a1c62d4046,f
1086,baf6c00e-7ec3-4ee5-a42a-fd405fcc6baa,m
1087,bb098438-3f90-4f1d-b019-03ac47ab6efa,f
1088,bb114dd7-0f3f-4b71-9f4f-cc13cf24718a,f
1089,bb173173-c936-475d-957b-17ba04241039,f
1090,bb19a1a5-84ba-4674-b1fb-2b45871cdaee,f
1091,bb68ba89-3b83-4341-a74f-7714874f5d69,f
1092,bb7419df-4df7-463d-915d-0108ad15c190,f
1093,bbc1e170-e704-4b00-b802-5fdac3972019,f
1094,bc0df450-3d10-49a5-b9d5-ed0264e4323d,m
1095,bc104b82-b8db-49a7-a843-c03386dae9b8,f
1096,bc3e34c5-af66-4cf5-82fe-848e88bfd748,m
1097,bc4dbd8d-2f2d-4459-924c-d5821b2d1334,f
1098,bc9b1ab0-0286-468d-ab17-8b7e18e0ec3e,f
1099,bcc33ab7-ffef-4ef2-a7a7-b007024e3441,m
1100,bcf1a0d0-e51b-4c11-82f7-d1376cfbf043,f
1101,bcf2a30b-53ca-4990-8f6a-41a922f28cc7,m
1102,bcf57c5e-ae89-4328-9eed-5d3d77897b2f,m
1103,bd2c889f-c6b7-43aa-8753-7c83593a314f,f
1104,bd3c7085-8f53-4a66-ac63-89c4731ef61b,m
1105,bd4a6575-978b-411c-8e86-11e48a9001e7,m
1106,bdc04da3-8afa-434e-a32f-0dc8d68f838e,m
1107,be2e98ea-1a7b-427a-98f8-e8d65c77cb95,f
1108,be6405fa-430a-4bff-9d7d-e74034ad3277,f
1109,bedd29e3-c7e8-439a-a862-fe99668eb387,f
1110,bf4c604f-5651-4e49-ad3d-77be535be0f5,f
1111,bf4d8938-4ca6-4ff2-b55a-3e46cab72372,f
1112,bf6b4e35-dedd-4fcb-ba02-fa7f86b7c2d8,f
1113,bfcce1a8-6372-4aca-9b64-13c6e373c550,f
1114,bfd7b96f-5920-4a4a-937e-ab18841c9120,f
1115,bfe26d54-70ee-45bb-a233-0b119b41a1a4,m
1116,c0092a79-d8dd-402a-956a-2bb0bf10ad22,f
1117,c00e0031-812a-4ae4-92a1-f726fa96d99e,m
1118,c065f35a-a97b-4d32-8f36-0550bcbec2a8,m
1119,c0732e14-5234-4368-ac2e-938bee14dd06,f
1120,c075dd9c-5f78-4b40-802e-81a6eef748f5,f
1121,c082e036-2382-49b0-ac35-5e14f75fff04,f
1122,c0a30326-d705-488e-bff3-17930dc9256e,m
1123,c0e32e6c-8ea7-472c-9662-7f9b9d33635e,f
1124,c109b8c3-cfba-48f7-98aa-266c33d4d31f,f
1125,c14e2cc8-3300-4d53-b0d3-810eaa776ebf,m
1126,c18e856a-96da-45a9-8180-01be721a2e21,f
1127,c19b7ee4-6dad-4413-9461-80a28d471a7b,f
1128,c1ac9280-ff60-4766-bb64-9af11ce22f9f,f
1129,c1f8e7ba-223f-4cb3-8c61-31a2ca9b278d,f
1130,c202f956-9917-43cd-a4c6-1e0015b8c24f,f
1131,c21fe77a-0620-4e03-810c-a4253d6e84e8,m
1132,c22ddcc4-f73c-4e56-8b92-d0ab1770b6b1,f
1133,c2b48430-338f-4906-b8b6-4bf09d1dd048,m
1134,c309aa36-5dc9-4c79-a14d-9eeaaaedc313,f
1135,c33510e1-8f95-4478-8c34-5fc8f41d3baf,m
1136,c4053a58-26df-4821-a1de-8556f9b70257,f
1137,c4110a13-8240-4a71-80c9-92b8ccfb1b8f,f
1138,c42e2259-4fc2-4ec4-8bea-e2c4d057c2dd,m
1139,c480f1cd-ab2e-4e2a-b006-e179a84b4314,f
1140,c4a12c3c-87b4-4ec0-82bb-6ab10c593d88,f
1141,c4ef77d3-555b-4b2b-bd9d-7af7efc8be20,f
1142,c5046d40-194e-4665-b586-49de405696b5,f
1143,c51af275-eb25-49cf-90d9-798491d8516a,f
1144,c5ac031c-bd70-4d94-9810-3f8fa9f3b2c3,f
1145,c5ad0217-42f8-4568-a3fd-d5b4a1cb181f,f
1146,c5aef2aa-e9b2-4b7c-80a1-c449f12819da,f
1147,c5b9738a-758c-497e-9e29-9e1baca9b02d,m
1148,c5dc8af6-8823-49aa-8786-2d65cdcb2407,f
1149,c624adae-f010-4854-b59f-74362e02b9d8,f
1150,c6aac8da-7945-4864-a694-1ae495a7b876,f
1151,c7115d2a-29e2-4f8f-9eaf-b0b1a6259258,f
1152,c7861dfe-e7dd-429d-a3d1-94678371276f,m
1153,c7a6ba9d-459c-41ce-ad09-07905483ec22,f
1154,c7d4f60c-c53f-40ee-b72a-2c46b5b6bb5c,f
1155,c7ff824c-d79a-4a5f-a1a4-38245a29d62f,m
1156,c80afe2b-4ea0-4bc4-9de4-bd4f4b986ff8,f
1157,c81d8166-c7e0-43b9-8cb9-fa6b741f1c92,f
1158,c81fd490-e1bb-478f-a299-fa3f60689b86,f
1159,c82a968e-daca-4ff3-94b7-d5e226bb9644,f
1160,c8360b93-23c6-4326-bc31-7de9b2d03f68,f
1161,c84a5e0e-0173-48f3-8955-218102527c67,f
1162,c880a333-34a0-4b3f-999f-7781627abb82,f
1163,c8afcac3-0252-471a-8f05-f41eb1e35f56,f
1164,c8c5bbae-3f56-4e06-b2cf-4064592f4af5,m
1165,c8faa2d1-30ee-4359-b199-559b4518e03e,f
1166,c91d195b-5cef-4f96-a772-0b29ec2d8427,f
1167,c9312468-ddb3-4730-8e61-6b4b7ae1f48c,f
1168,c9458710-f228-44e5-8304-d2d819773000,f
1169,c97a0f67-7ce0-49ba-a8e1-b433a690823f,f
1170,c989eecd-9ad9-4cd1-b38d-d0cbee73b044,f
1171,c9b7d6dc-e96d-41a2-a3b3-0dc0e2b2dbb8,f
1172,c9ba31ab-6d18-4f9c-aae9-38b6ee72a2b2,m
1173,ca0569e9-e04a-4e75-a46a-47222f17a4f7,m
1174,ca0fb599-eccc-4e3d-bbbf-916a908cba51,f
1175,ca15fc1c-d598-4d10-b3df-9d6e89ade55a,f
1176,ca1c0afd-ebe3-4c6f-90d4-b14fd268d700,m
1177,ca2f9dc9-9f72-44bf-85ec-c83b1cc6fee7,f
1178,ca3ae4b7-b5f9-4ee0-baaa-e9564dc72a6f,m
1179,caa6356d-e660-4dab-917e-7547090339c3,f
1180,caab2158-924f-45d8-9c09-f3dc6b4eda21,f
1181,cb50dd42-3117-4d3b-9f2c-d93a76119706,f
1182,cb848610-382d-4268-abe3-da5e23539348,f
1183,cbb4618d-821f-4425-acd1-a6fc985569c9,f
1184,cbd2bbfa-f2b8-4fba-9f22-6803a054b135,f
1185,cc47c9bf-8875-42a3-bf4f-b255bde417e3,m
1186,cc687a72-bdde-4855-84f5-edf135aa726c,f
1187,cc6c579f-8311-4072-9fb1-e3ae80aceb97,m
1188,ccf0349d-6f8a-437d-a4ec-10153ca27f10,m
1189,ccf21304-9406-440f-b60e-03a42e51fb6c,m
1190,cd68c7b1-3eb5-4101-a226-236ce4e7f816,f
1191,cd76c504-c9c6-43f2-9637-dde3a1535de1,f
1192,cda602bb-f957-496e-83a4-75d704d036a8,f
1193,cdb879ad-74ad-468d-84ce-e7aa7565e636,f
1194,cde2a0d0-9bf6-408b-a8b7-2390d8b25298,f
1195,ce38b48a-f13b-4aa2-ba73-62ec0ba87645,f
1196,ce5b33f4-4eae-4613-a362-1c0d1c0add79,f
1197,ce7349c0-ede9-42b6-9131-a7dabfab67fa,f
1198,ce862375-4f98-4668-9753-e870dc23ce24,f
1199,cea96aed-f6a6-4605-bacb-473102836c8c,f
1200,cee1f6e0-aa23-458f-8bbc-728f82c1dc5c,f
1201,cf3ca7fc-a1d1-480c-9ca7-b293af7d7c9b,m
1202,cfb62edf-5914-4fed-8d82-4d98cbfb282e,m
1203,cfcdcdf2-c385-4a13-9e3c-4c80d606973e,f
1204,cff9120e-5383-4b60-9ea9-60769715b325,f
1205,d069fea8-3758-4b2e-9446-83119bd45b9d,f
1206,d08f94c0-097e-4e0f-8436-ec5f73456cd7,f
1207,d09f1fae-ded5-4cf4-aa75-a2fa3895f1df,f
1208,d0d2b429-3709-44e6-aee3-c34ea456c322,f
1209,d0e3fd2b-1ecd-4500-a054-c01a22e0106e,f
1210,d0eb2332-3df6-44d1-ac70-1cf85343728c,f
1211,d1097608-9a98-4d18-8bf4-36dd6c0654e5,f
1212,d1250758-9776-4955-a68f-6a1db6154a0f,f
1213,d1320757-35b1-46f4-980c-721e569af6c4,f
1214,d1471156-ee1f-44b5-9e80-02a6c7e98690,f
1215,d14d770d-7cca-4ab0-b283-15aeb259ac57,f
1216,d17dc7ac-0df6-4926-8c7f-2746914b4004,f
1217,d1807054-3342-40f5-a2f1-da47fd5f2f95,m
1218,d1aa499f-21ff-45da-ae50-c1dcb4cdc006,f
1219,d1af51cf-18b7-4469-ba39-57642cc96161,f
1220,d1c5efc5-bcec-492a-9ec2-50b1553cc027,m
1221,d1e306b7-347d-4764-abb4-97985087f0c7,f
1222,d1f00af6-759c-4a67-b790-43939a89eaad,f
1223,d1f0d5c7-4136-4f3a-ac44-a1197e8be27c,f
1224,d2040288-cad0-446d-8038-bf9c8139e276,f
1225,d21d267e-ae2c-4b4e-b281-c72c7ce0bf88,f
1226,d29be46e-ae84-41d3-bcfb-1992fa663554,f
1227,d29c08ce-59f8-4df5-b273-9202de9c7f2a,m
1228,d2e20e11-fc9d-4d9a-8e6e-4460cca77374,f
1229,d2e93fb6-db26-4305-a805-03a3edd66519,m
1230,d2f4e674-a7bc-4b38-a56a-92a1c5738f59,m
1231,d3283b9c-3df3-4e7c-b16a-ef88f0c11c93,f
1232,d381f997-a060-4d72-9441-9efc4f1654ae,f
1233,d386fdb1-9c6a-458a-af9c-589662cd98c6,m
1234,d3f0b471-831b-43d6-a2b3-364052357286,f
1235,d47d80bd-5b07-44ec-a5b4-d41807c6f0b4,m
1236,d4857558-aea5-4026-81da-affe22f6b09a,m
1237,d4cd3f55-c889-42e0-aada-0d579f6d7c65,f
1238,d4e9583c-e6b5-40a9-9199-3d6b6f926141,f
1239,d4f87804-9747-427d-ab4d-788f2360e5f4,f
1240,d6048c39-9a9e-4304-ba67-0afa9e143829,f
1241,d62ed8a6-1e3c-4fd6-b7d9-274e3dbf6b7d,f
1242,d6303e74-fe1c-419b-9edf-1179662510db,m
1243,d634e84d-7c18-4efc-90da-ce328607eb60,m
1244,d658969d-9297-4ac0-bc22-b0ee5f2572e2,f
1245,d65ed5e2-46d1-4a24-81b9-d76708afaa4f,f
1246,d6f64dec-58cd-4258-b346-789047597db3,f
1247,d71cda69-645a-45b2-ba8c-0b631cc35879,f
1248,d730bb80-8dd3-4da7-a5d3-5ff4e866b276,f
1249,d7311b56-9722-42b6-967b-14dbd46dcd8e,m
1250,d7789765-4cbe-48a9-9dd8-2d5fe7f419da,f
1251,d7889d34-1659-4665-859a-cbff8ab21e6d,m
1252,d79493ad-fdeb-4baa-b149-9f040be20487,f
1253,d79b8663-298a-44a2-bcd8-dc3055a4fb47,f
1254,d87939f7-bbdd-48e7-8b89-26c9c025ae13,m
1255,d88a141f-12d9-4651-9149-6dafbe01a33a,m
1256,d8dbc9b2-d65c-40dd-bfc4-595374f6816f,f
1257,d92abd79-d338-4c56-bb86-f86056fca953,f
1258,d9629595-b7d0-4db6-9528-8d266f350abc,m
1259,d9818cf5-38fe-4ed9-a0eb-29954b6719c2,f
1260,d99fd0d1-2668-4d75-b616-567a86e5acc8,f
1261,d9fd3a47-87f1-4075-82fc-6a82be14e415,f
1262,da6e6b0e-fc7d-4939-984a-64e3079a4780,f
1263,da7a4dbd-78cc-4956-b551-e5d09fa7a37a,f
1264,da8facf7-e352-497e-bd38-62635dc03893,f
1265,dabded53-a446-481f-b16a-75825f076aeb,m
1266,dac16b1d-0fae-4783-8df5-4dc203e0a044,f
1267,db27b3c1-718f-46c6-8359-08cc61b52f18,f
1268,db28b916-da20-4d9c-8774-6bb089542bf7,m
1269,db6acee7-fe30-4afe-8997-9738db538fbf,m
1270,db7abe06-193e-4dd0-8584-f675541466c3,m
1271,dbad7dbd-589a-4bbe-84a7-e23b013ecf41,f
1272,dbb06156-e7e3-4ab6-af47-bae17c9a11b3,f
1273,dbd0a1ce-b2b4-4345-b4a1-235af200f0ab,m
1274,dbf40dad-2441-4434-aa89-5b6242b9554a,m
1275,dc210a61-1edb-4007-a2a8-6d1e6d08647a,f
1276,dc2aa482-86f3-423c-9334-31b3a4948521,f
1277,dc88e033-7d10-4823-a792-d7384ce065e7,m
1278,dce31a82-660a-4f37-b35c-9d76dbd005c5,f
1279,dced5cc3-020c-48c5-a38d-319779f40f29,m
1280,dd096e50-7c17-477a-8562-de1cd909e7ee,f
1281,ddc2bfbb-ae70-48a6-bcb0-d4b904686769,f
1282,ddcbad29-1888-4342-99c4-7c25dee1f9dc,f
1283,de0906c4-bcf5-4a6d-95cc-eec633eb0d61,m
1284,de25fb0b-0ce7-457a-927d-27dda5d6870b,f
1285,de71ac03-593b-4ad9-a147-26e2cb43c2d6,m
1286,de92cc8b-1ed7-4202-8668-578725a10113,f
1287,dea0a633-f589-4e55-9ff4-8304670ec4d9,m
1288,df2d2fb0-cba5-45ec-8e4d-666d0ec6467c,m
1289,dfddcb91-3ba8-42c0-a29b-2d9e78fca069,f
1290,dfe84ca2-595d-45ae-8be9-540af4887a88,f
1291,e01130a4-107f-4c62-8900-92f76fefd86e,m
1292,e03f53d3-ee64-40dc-b743-a600796a3fbf,f
1293,e0462c82-7c69-4afd-8009-3f0cb04a27f6,f
1294,e04d56f6-0164-4ddf-a33b-d21be3aa335a,f
1295,e0a58fc2-bb2d-4de8-9821-56e4c910ecdb,m
1296,e0e408e2-c880-41ec-93ab-772746a53aaa,m
1297,e159c96c-1871-4977-a3a9-dfba1ed06b4a,f
1298,e15a8e19-d1fc-4880-a994-850286cc8cc4,f
1299,e1ae565e-548b-4bfc-860e-57a679f550a7,f
1300,e1e64287-cb85-4705-a50c-3e6d68f59133,f
1301,e2550363-0649-426b-9580-28767a9ede9b,f
1302,e2653d9f-5e37-411e-b31b-69bda9afacfb,f
1303,e2790481-196f-4287-896f-0b42a118d42f,f
1304,e286bdae-47dc-4bf7-a6db-c2500563300c,f
1305,e29ec715-3e80-482c-9545-f55210627e11,m
1306,e2a6ea34-318f-4ef1-8ba3-c73299082140,m
1307,e2ae01a9-4122-4761-8b25-bfa67c4de012,f
1308,e2d5fc16-f72e-4d3f-803c-1e81777237c2,f
1309,e2fc902a-c626-43a8-a97c-181489599916,f
1310,e304a7b7-2140-4ce9-b0ac-bd1c98ba86f7,m
1311,e313aec8-4109-44ad-b2d2-7bb4feeea8d7,f
1312,e325c0b3-befb-4297-af37-c3f551339917,f
1313,e3584cb2-85f9-4dc5-98ed-af5bbd203cca,f
1314,e3e15c49-fd09-4ba4-98f5-7cdde3962276,f
1315,e3fe81ab-68cf-4892-b5fc-ef1eade08666,f
1316,e40467c8-56e6-44ac-9618-e3057597154d,m
1317,e4623a43-be10-4047-be8e-da19097299f2,f
1318,e4903a22-be45-4f9e-9c8f-356d2bdf2294,f
1319,e4a03f5a-6487-470f-bcf9-e787c971c2c9,f
1320,e4afd3ac-8027-4194-8925-06893c09e545,f
1321,e4ce1999-5af6-4bc0-956a-38c59fc4609d,f
1322,e500e0ee-c361-4aba-8987-a5a2e571e059,f
1323,e50f53e0-8670-4f73-b58b-0befbe155181,f
1324,e510d83b-d62c-4cd2-be01-f6f5a9c1262b,f
1325,e5812ac7-44be-4064-9831-3f7ece393fd1,m
1326,e5832bb4-93c3-4df8-82c2-201bbb947a42,m
1327,e58b417e-77d8-4517-867a-150643df2bc7,f
1328,e5b089b1-64cc-42f6-ac53-d57ff9a85a42,f
1329,e5e23b2f-d3b7-4617-82ef-47564fc07f90,f
1330,e5fcd40c-0b62-4b29-b5c5-7c5ae8f20ed8,f
1331,e61e951d-4cea-4c06-8eba-fd657cafa94f,m
1332,e639658b-471c-4688-85a9-ce553d44253d,f
1333,e690a203-fc56-48ac-8292-56f0cf150100,f
1334,e6bdf98e-0185-49c5-a7c8-60b0b4bd55e5,m
1335,e6cd2849-9dad-44c1-90d4-b0e195d10558,m
1336,e6e4d7ad-cb1d-4645-8af4-cb4f5477c60b,m
1337,e74e5cc2-e05a-4701-963d-a70a41fff93d,m
1338,e75f0ae3-fa74-4912-91fd-647ec9a99eb6,f
1339,e7704eb3-f65d-4a31-bcb1-945d34496d54,f
1340,e78b9739-4521-4db7-ae63-c01898f4f651,f
1341,e7c1fa57-e983-4a21-bc57-169347c1ad24,m
1342,e7f74ee8-e59b-4e11-8d2d-f24fd226886b,f
1343,e805bef4-6532-412f-ad34-2df12e65ced6,m
1344,e82d4972-d496-41bf-902a-e75c64993083,f
1345,e832ec4d-236c-4932-8912-e3fd11a7191d,f
1346,e8b25071-f7b8-45c1-aacc-17f2c1a0e688,m
1347,e8fe8096-604c-446e-87b1-e5b3c89db6b1,f
1348,e9215927-bf83-49fb-9b7a-526c5bd63b00,m
1349,e92f29bc-2a8d-45c8-88e3-ed813503f621,f
1350,e9325b64-2a30-49f9-ae2d-7576bbaea74c,f
1351,e93b8e43-bc96-4332-90ce-2dbdc2ba9034,f
1352,e94a3c2d-a9f3-4173-b8af-fbafe6afc108,m
1353,e964ec20-481f-4888-be93-d2247aabbf44,f
1354,e9a7c4c5-c60f-4c1c-aa29-54a90cda5207,f
1355,e9d3175f-02e8-4418-8825-801db5954450,f
1356,e9de1d63-22ac-442a-9b4d-510114a57cf9,f
1357,e9e71cdf-dce3-49fd-8804-eb2f4e9a0010,m
1358,e9f93334-71da-4f39-89b2-7447f210a80d,f
1359,ea16e39a-3252-429a-96eb-97a6bb92b40d,f
1360,ea26ac2c-c590-45d1-bd89-82feaedb692b,f
1361,ea2920db-6b81-4a92-b466-4fc47805085e,f
1362,ea34b03f-a082-4e7c-a00f-c6471ed9766e,f
1363,ea379ca3-548a-4edf-89fe-d8286a2eafdb,f
1364,ea42cb35-f13a-4167-bc3a-dfd0c54e3cfa,f
1365,ea6a0357-9f14-4804-bb09-5bcf2457d13c,f
1366,ea82c934-6789-4922-b0ac-2b523eaceaf9,m
1367,eac00ddc-13ca-4f5d-906b-f0830087d3f2,f
1368,eac1cf6b-8b85-4d1f-bc8c-a25943ec4333,m
1369,eafa4053-d2c9-456b-8bd9-1f68b593060f,f
1370,ec3aa4ae-4d73-4278-ab01-385e88d9c831,f
1371,ec4fc3d5-dbe6-40e1-9e15-076159e34cd5,f
1372,ed207e72-0728-44b6-ae77-ea9382fa9d03,f
1373,ed4881cf-4009-4d5b-ae9e-d0a93d114ecb,f
1374,ed7a8030-43d1-4f60-91be-be5ef9073eb5,m
1375,ed9b1f06-6464-4d25-9278-0f11ecb60d26,f
1376,eddc453c-1a8d-435e-a20b-b028b5a3bec9,f
1377,ee06ae5e-027b-4d70-bd38-c784af1eaa6c,f
1378,ee2f76a0-e4e0-4600-a7da-b452a7123f2f,m
1379,eebad728-47cb-4c38-978e-f181394e53c8,m
1380,eeca12f9-a45f-4ee8-b33d-5e95ab2d4b41,m
1381,eee1656d-992f-4895-a06a-41904a426e6e,f
1382,ef4f5961-840b-4220-a9fe-a1e1905f891a,f
1383,ef564b0c-b20b-40c8-92d5-bf58f55ba833,f
1384,ef5a509f-78ec-46e2-afc3-90c52f176c04,f
1385,ef5b0583-3b90-4df5-9c0b-501c5d85d06c,f
1386,ef737194-f77c-4e2e-9d76-66343ee91dac,f
1387,ef79e3bb-a27f-47ec-822a-c46f7b910379,f
1388,ef9e1596-e276-4a28-b8c1-6be0131b4cd0,m
1389,efb2e51b-37b0-4b44-8ee7-c79cbe888aed,m
1390,f00b029a-a811-4a92-ac0c-cade98050511,f
1391,f0772a93-181e-4a15-bc68-1f1948eae4d1,m
1392,f0c88a00-21ef-4b09-a87a-ec4935d8fbd0,m
1393,f12704bb-fe1f-48db-b212-e40d71a2dc08,f
1394,f15e08f4-8d5d-4ddc-af1a-2c33c4a50774,f
1395,f176cc11-f59b-4aeb-a1dd-7430c1873ec9,f
1396,f1f21b81-b84b-4e5a-ab42-e5b9c18d964f,f
1397,f2115365-f3f9-47fc-83a3-4ede98ed34ab,f
1398,f22605b2-17fa-4eeb-afa1-fc536f8a5744,f
1399,f25ed3ea-da12-4c95-9673-e06708c51ea6,f
1400,f29c81e8-9e9a-4f4e-907f-c4c8cb28634e,f
1401,f2c6ee59-dca9-460b-aa6b-6cb2970e61c3,f
1402,f2e4f02b-0a90-4a69-b72b-4ddfe67b9386,f
1403,f2e7059d-f4d2-4cc3-aa72-cfb78d1ded06,f
1404,f30c5346-9d75-4cff-bdf6-68a2a98f4807,f
1405,f341725a-e259-4d90-ba82-0216b069664c,f
1406,f3552346-ff9d-4b1b-8a9b-f368a7ff5464,f
1407,f357baf9-9a46-4514-ba8c-83c7aece49b9,f
1408,f35c32ce-d2e0-4b19-b225-d1f44ca94ed3,m
1409,f3cabdf0-b346-4109-8fa3-c0d4bec28406,f
1410,f4086e21-b2cd-43c6-aaf5-0161c850381b,m
1411,f429f91c-7c22-4cdc-9ae3-a8e8ee490fec,f
1412,f46d63e9-e45c-4dec-b81f-02b1d092c935,f
1413,f48de1d3-b4ab-4412-b61b-549bc77fe3e3,f
1414,f4921034-74dc-4ebd-9c3a-5377da1bafc3,f
1415,f4ad0423-5516-461e-be77-62055c3a48f0,m
1416,f4cc1eb5-5e69-4075-b6c4-2e9648a5f102,f
1417,f4ed4731-2d18-4fc6-b992-cae50dfd37e1,f
1418,f4ed5cfb-ec50-4b6a-9250-19eab75fc585,f
1419,f501adac-2e63-4e4d-8fe4-2676208df190,f
1420,f546a9fc-ccc3-406e-af3f-52944e611173,f
1421,f596252c-6ec0-4cff-be6b-6cecc48c160b,m
1422,f5e84ae9-3165-4a7c-9ec2-db041a08300d,f
1423,f618bdb3-a5fa-4131-9381-58919f7366e8,f
1424,f6afadeb-18e4-431a-a8b9-4135e5d3efb2,f
1425,f6b75032-7b71-48f8-b848-bf03456fd6d2,m
1426,f6c442ee-c1d4-4567-9964-5f26eb9f73b3,f
1427,f6c721d8-6388-439c-8299-16597d5077ee,f
1428,f6eab422-521f-436d-8663-98c5efca8c50,f
1429,f6f8e595-d5d9-4fc9-b7b7-4527e9ff362a,m
1430,f6fa688d-635b-42b4-a1cd-c5e3506c624c,m
1431,f7079576-cc5e-46de-8094-abe108ca6334,f
1432,f769aac2-0cc6-4dbb-b556-1b41840eac7b,f
1433,f79fd2bf-d46d-480e-8312-f22726b81718,m
1434,f7b11329-193d-4f60-9fee-a5b9012fb8ed,f
1435,f7f38806-b745-41dc-8fda-c62dfe368afb,f
1436,f80d8d40-9a95-4d45-bc19-e8abc9ccc262,f
1437,f81be1b3-e349-41c0-b6df-3d7cc86cda0b,f
1438,f8218d83-046d-4112-b890-75fa95429ce4,f
1439,f8715321-46df-4b08-903d-f63b367de050,m
1440,f886bd90-2f71-40e8-bced-c98b69aa9d02,f
1441,f8d29f81-dc32-45f0-9f24-83297536619a,m
1442,f8e83aeb-4aa8-4615-a6e6-69c0213fa11a,f
1443,f94314f7-dde2-4fbe-9abb-e355c63d6037,f
1444,f9446720-2e49-4cde-8e56-e5e992828022,m
1445,f9502a1d-29cd-453a-9170-dbe79c9b1b23,m
1446,f96efcb1-acf7-4a92-81fc-25e7a4f2748f,f
1447,f99c1713-5249-45e4-b99b-15b6ee6892de,f
1448,f99f4640-1e9e-44a1-b31d-0a29c3f6e15b,f
1449,f9abca9a-cb25-4173-bd0a-0ef1d6be1f8f,f
1450,f9d30992-b34f-4c8a-bb27-62ac636afd65,m
1451,fa325d90-b7c0-49ba-83eb-06dc2580eb8c,f
1452,fa34711a-4306-4a36-adaf-ec0537e70750,f
1453,fa4a775d-c022-42bd-99a7-ef578602a52e,f
1454,fa9e1816-0db2-45bb-bb84-3d5fdae2fa76,m
1455,fac1ccd7-e8c2-49f6-993c-db49e17868ce,f
1456,facf9cb2-76a3-4783-b12c-982c2bec2aa1,f
1457,faf5e4bd-a0eb-4d94-be13-231d9ed2e56f,f
1458,fb46843f-10d0-4ebd-86f6-56446763e7d3,m
1459,fb70d683-c367-436b-9afc-95dcd7219593,m
1460,fb8cac42-96b8-4131-8852-3c243fb4862c,f
1461,fb9a0096-0442-4d67-88ed-bd98c57c4b52,f
1462,fbebf77f-00d2-4b93-9107-eed3a7dda421,f
1463,fc784d9b-77e7-4a2b-bcf1-f6c89674612a,m
1464,fc811af6-41ef-4789-9b38-bd644c6532a6,f
1465,fcaf6ad2-6348-42cd-b826-b95e7159cf2e,f
1466,fce04234-e56d-4c94-bcf2-8d576c3469c9,f
1467,fce42b26-619e-41e6-8e15-8ae71eee9c8d,m
1468,fd0caa8a-d4f6-4f32-a174-9f32973f5881,f
1469,fd1f7317-d8c2-4728-bf8f-00acd049de73,m
1470,fd2bd543-e0b6-42f6-a640-3bd3bae9a4ee,f
1471,fd73f7c8-288d-424d-b4a0-218c544e3f27,f
1472,fdde6f19-ea98-4ed9-87cb-48f1d49c81cd,m
1473,fe0c08c9-1387-43d6-9c13-3781983662d3,m
1474,fe14635d-1454-4522-b597-34b31b19c173,m
1475,fe5f6571-99dd-4882-9f5a-b1385dff6b17,m
1476,fee2c08d-6f02-4b5c-8fdf-a6d1e09df6c2,f
1477,ff2551e6-753b-4ccf-a71f-8b674ebcc5b1,f
1478,ff394442-d8a2-40bb-8ca5-18289763fb30,f
1479,ff5357ef-2ccd-4710-8504-983db139de22,m
1480,ff8692df-2417-483b-ae8c-3668bbd321c1,f
1481,ff8c782d-640f-444a-98be-b1646ead7fc3,m
1482,ff925273-48c4-417f-bf54-5baf32ed8199,f
1483,ff93dcea-7f42-410b-b805-af178d8bc461,f
1484,ffc70334-7ffc-4d5b-9dc8-36a88a40d023,f
1485,ffe0e2e2-b68c-47ea-b2bd-7df594f81b00,m
1486,fff3abeb-aef6-4edc-a3cf-8f29111f3320,f
